{"type":"FeatureCollection","_meta":{"title":"Red de ciclorrutas de Barranquilla (CicleVibes)","description":"Red de infraestructura ciclista = cartografía oficial del Distrito (Ciclovias_BAQ, ArcGIS FeatureServer) + red OpenStreetMap deduplicada contra la oficial. Los features oficiales conservan su tipología PET (ciclobanda, ciclo preferente, ciclorruta en calzada/andén); los features OSM conservan su clasificación heurística.","source":{"official":{"url":"https://services3.arcgis.com/oGYAc07w6wsvgUYr/ArcGIS/rest/services/Ciclovias_BAQ/FeatureServer/1/query?where=1%3D1&outFields=*&returnGeometry=true&f=geojson&outSR=4326","dataset":"Ciclovias_BAQ (Alcaldía Distrital de Barranquilla)","features":62,"mapped_km":40.82},"osm":"OpenStreetMap contributors, ODbL (https://www.openstreetmap.org/copyright)"},"official_total_km":83.1,"official_mapped_km":40.82,"osm_total_km":33.67,"osm_removed_as_duplicate_km":5.11,"queried_at":"2026-08-28","query_bbox":[10.85,-75.0,11.06,-74.7],"dedup_rule":"Se elimina un feature OSM si >= 60% de su longitud y >= 60% de la longitud de un mismo feature oficial coinciden dentro de 20 m. Se conservan siempre los corredores Troncal, Las Flores y Puerto Mocho.","counts":{"official":62,"osm":165,"total":227}},"features":[{"type":"Feature","properties":{"name":"Calle 48 entre Carreras 50 y 45","type":"carril_ciclo_preferente","source":"official","official_objectid":1,"official_tipo":"Ciclopreferente","official_nombre":"Calle 48 entre Carreras 50 y 45","official_shape_length_m":380.1036242999052,"official_global_id":"6193a146-66f4-41f1-a720-b72b0dc3b584","length_m":381.8},"geometry":{"type":"LineString","coordinates":[[-74.7871808004184,10.9870279998909],[-74.7869113002851,10.9877370003133],[-74.7868254999289,10.9880635000558],[-74.7864391997487,10.9888954996933],[-74.7862247004074,10.9893484000913],[-74.786128099776,10.9896643998598],[-74.785980000073,10.9902419997311]]}},{"type":"Feature","properties":{"name":"Cra 22 entre Cl 41 y 48","type":"carril_ciclo_preferente","source":"official","official_objectid":2,"official_tipo":"Ciclopreferente","official_nombre":"Cra 22 entre Cl 41 y 48","official_shape_length_m":607.7151179569377,"official_global_id":"80888b96-61ce-4c27-8095-fbee9ea12257","length_m":608.0},"geometry":{"type":"LineString","coordinates":[[-74.790426600006,10.9634732996693],[-74.791427099828,10.9638999002156],[-74.792305899946,10.964224700362],[-74.7924876995539,10.9643258998348],[-74.7934123997428,10.9652038000051],[-74.7939247003897,10.9654422003737],[-74.7944905996875,10.965833200298],[-74.7951665001126,10.9662255003493]]}},{"type":"Feature","properties":{"name":"Calle 47 entre Carreras 22 y 45","type":"ciclorruta_calzada","source":"official","official_objectid":3,"official_tipo":"Ciclorruta en Vía","official_nombre":"Calle 47 entre Carreras 22 y 45","official_shape_length_m":2510.6544031667545,"official_global_id":"2a87ae19-fae1-4bb5-9c02-6dab7e5cef2f","length_m":2522.0},"geometry":{"type":"LineString","coordinates":[[-74.7934069998585,10.9652248997125],[-74.7928598002656,10.9663835997084],[-74.7925594002428,10.9671945998458],[-74.7922911998098,10.9678160004248],[-74.7920658997081,10.9684374999986],[-74.7913255996656,10.9701017004468],[-74.7909071000386,10.9712391997489],[-74.7905209000759,10.9724189000978],[-74.7894908995923,10.9753890996015],[-74.7889544997937,10.9772323001964],[-74.7883000001574,10.9797495002971],[-74.7881606003535,10.9801286997832],[-74.7877849999283,10.9816137995637],[-74.7873236996546,10.9832568000124],[-74.7869160001761,10.9847945001549],[-74.7863259004515,10.9867745999328]]}},{"type":"Feature","properties":{"name":"Calle 75 entre Carreras 62 y 47","type":"ciclorruta_calzada","source":"official","official_objectid":4,"official_tipo":"Ciclorruta en Vía","official_nombre":"Calle 75 entre Carreras 62 y 47","official_shape_length_m":1572.442558997553,"official_global_id":"e38f7c10-a47c-4f80-8fa7-84fdc387b630","length_m":1574.9},"geometry":{"type":"LineString","coordinates":[[-74.8084629998342,10.9968530000713],[-74.8071055996749,10.9996002002874],[-74.8046530001057,11.0012758000963],[-74.7979582000274,11.0061414003734]]}},{"type":"Feature","properties":{"name":"Carrera 62 entre Calle 77 y 75","type":"ciclorruta_calzada","source":"official","official_objectid":5,"official_tipo":"Ciclorruta en Vía","official_nombre":"Carrera 62 entre Calle 77 y 75","official_shape_length_m":407.89431365934445,"official_global_id":"6b481bab-05d5-4602-88ab-3651f120634a","length_m":408.3},"geometry":{"type":"LineString","coordinates":[[-74.7979582000274,11.0061414003734],[-74.8009836996236,11.0083003004008]]}},{"type":"Feature","properties":{"name":"Calle 77 entre Via 40 y Carrera 62","type":"ciclorruta_calzada","source":"official","official_objectid":6,"official_tipo":"Ciclorruta en Vía","official_nombre":"Calle 77 entre Via 40 y Carrera 62","official_shape_length_m":1052.8136310771085,"official_global_id":"aa565663-dde8-46f4-b4d5-7586a6e7032e","length_m":1056.0},"geometry":{"type":"LineString","coordinates":[[-74.8009836996236,11.0083003004008],[-74.7953845996231,11.016044699659]]}},{"type":"Feature","properties":{"name":"Calle 76 entre Carreras 62 y 52","type":"ciclorruta_calzada","source":"official","official_objectid":7,"official_tipo":"Ciclorruta en Vía","official_nombre":"Calle 76 entre Carreras 62 y 52","official_shape_length_m":936.7144269446931,"official_global_id":"4d17ab20-8bda-470b-aa05-245a04dba731","length_m":937.6},"geometry":{"type":"LineString","coordinates":[[-74.7996027003229,11.0072492003768],[-74.8001606002385,11.0067648002064],[-74.8064906003222,11.002215100001]]}},{"type":"Feature","properties":{"name":"Carrera 52 entre Calles 76 y 75","type":"ciclorruta_calzada","source":"official","official_objectid":8,"official_tipo":"Ciclorruta en Vía","official_nombre":"Carrera 52 entre Calles 76 y 75","official_shape_length_m":198.7097147250743,"official_global_id":"fd58ffb1-341b-4441-974c-c83f50152f7f","length_m":199.3},"geometry":{"type":"LineString","coordinates":[[-74.8064906003222,11.002215100001],[-74.8054479002267,11.0007435996948]]}},{"type":"Feature","properties":{"name":"Cl 34 entre K45 y 38 (N-S)","type":"ciclorruta_calzada","source":"official","official_objectid":9,"official_tipo":"Ciclorruta en Vía","official_nombre":"Cl 34 entre K45 y 38 (N-S)","official_shape_length_m":758.7263087084818,"official_global_id":"2a0ff30f-3578-41bc-8f62-3d8b2432870b","length_m":762.3},"geometry":{"type":"LineString","coordinates":[[-74.7776354002351,10.9838087999521],[-74.7779250998234,10.9828715004086],[-74.7780592002248,10.9824554004148],[-74.7781557002686,10.9819130001189],[-74.7782629995519,10.9813073996081],[-74.7783380999885,10.9808703003525],[-74.7784775996065,10.9800488002567],[-74.778590299943,10.9796695999638],[-74.7788746002071,10.9787638003426],[-74.7794270995485,10.9771997997718]]}},{"type":"Feature","properties":{"name":"C44 entre Cra 13C y 22","type":"ciclorruta_calzada","source":"official","official_objectid":10,"official_tipo":"Ciclorruta en Vía","official_nombre":"C44 entre Cra 13C y 22","official_shape_length_m":1275.86558581247,"official_global_id":"54ae1b22-676f-4065-a429-4eed781414e2","length_m":1281.1},"geometry":{"type":"LineString","coordinates":[[-74.791427099828,10.9638999002156],[-74.794785199698,10.9564740001712],[-74.7959224999985,10.9539459997502],[-74.7962443997689,10.953398299621]]}},{"type":"Feature","properties":{"name":"Cl 34 entre K38 y 45 (S-N)","type":"ciclorruta_calzada","source":"official","official_objectid":11,"official_tipo":"Ciclorruta en Vía","official_nombre":"Cl 34 entre K38 y 45 (S-N)","official_shape_length_m":755.8930064846411,"official_global_id":"75387819-f96f-4caf-92b5-2ba44b3f46f6","length_m":759.3},"geometry":{"type":"LineString","coordinates":[[-74.779290099579,10.977135500173],[-74.7789145999168,10.9781019003857],[-74.7785927995855,10.9789102002756],[-74.7785498001139,10.9790681996486],[-74.7784639999764,10.9794026001802],[-74.7783433002789,10.9799477004229],[-74.7783083996926,10.9800740997862],[-74.7782440996864,10.9804111003285],[-74.7780751000877,10.9811378003863],[-74.7780027001072,10.9816222997371],[-74.7778927004236,10.9821437000474],[-74.7778658996326,10.9822489999901],[-74.7778096003317,10.9823596000206],[-74.7775816000856,10.982767699676],[-74.777420600425,10.9830915996707],[-74.7771792000582,10.9835998001304]]}},{"type":"Feature","properties":{"name":"Carrera 45 entre Calles 47 y 53","type":"ciclorruta_anden","source":"official","official_objectid":12,"official_tipo":"Ciclorruta en Andén","official_nombre":"Carrera 45 entre Calles 47 y 53","official_shape_length_m":381.7264984147851,"official_global_id":"5adf2917-ece8-45a7-a43d-78df1bc2aee0","length_m":381.4},"geometry":{"type":"LineString","coordinates":[[-74.7863259004515,10.9867745999328],[-74.7867987997353,10.9869385998534],[-74.78708650027,10.9869946001037],[-74.7882294003858,10.9873643004323],[-74.7896648004143,10.9877787997228]]}},{"type":"Feature","properties":{"name":"Calle 47 entre Carreras 45 y 46","type":"ciclorruta_anden","source":"official","official_objectid":13,"official_tipo":"Ciclorruta en Andén","official_nombre":"Calle 47 entre Carreras 45 y 46","official_shape_length_m":86.70178689851613,"official_global_id":"fe336db2-a85f-4d2a-a881-7bec10e663c4","length_m":87.1},"geometry":{"type":"LineString","coordinates":[[-74.7863259004515,10.9867745999328],[-74.7861118999671,10.9875293001856]]}},{"type":"Feature","properties":{"name":"Carrera 50 entre Calles 55 y Vìa 40 (Sur)","type":"ciclorruta_calzada","source":"official","official_objectid":15,"official_tipo":"Ciclorruta en Vía","official_nombre":"Carrera 50 entre Calles 55 y Vìa 40 (Sur)","official_shape_length_m":1610.770480740206,"official_global_id":"056c4b53-9214-44ce-8a3d-97dcdb5175cc","length_m":1609.7},"geometry":{"type":"LineString","coordinates":[[-74.7913759996618,10.9906579998463],[-74.7905300002488,10.9906289996669],[-74.7899119997373,10.9906390003009],[-74.7895430000366,10.9906880000889],[-74.7890760002124,10.9906629997765],[-74.7888259500015,10.9906270876044],[-74.7878418750664,10.9904658141451],[-74.7872200002985,10.9903389999642],[-74.7866331245875,10.9902141440598],[-74.7864864318734,10.9901284520233],[-74.7862500004092,10.990077000061],[-74.786062281957,10.9900273779846],[-74.7857898633406,10.989982154705],[-74.7856687946081,10.9899925267653],[-74.7855598534544,10.9899869135804],[-74.7854439995842,10.9899549999239],[-74.7853190002226,10.9899350001993],[-74.7850208335401,10.9898803434904],[-74.7846827495232,10.9898174735642],[-74.7841350001752,10.9896859995615],[-74.7839605924932,10.9895533024393],[-74.7836663968404,10.989474674369],[-74.7831517484676,10.9893397489513],[-74.7825482546431,10.9891871443141],[-74.7817078943417,10.9889986521228],[-74.7811807978529,10.9888693720976],[-74.7801769999323,10.9886479999142],[-74.7794820001424,10.9884670003592],[-74.7793438590755,10.9883599773366],[-74.7789855758363,10.9879146100302],[-74.7787132588054,10.9876652178293],[-74.7785426138538,10.9875960338313],[-74.7782534527859,10.9875435479851],[-74.777976930057,10.9874505554026],[-74.7777995506868,10.9873864134879],[-74.7776210432577,10.9873009067658],[-74.7775217507708,10.9872366455453],[-74.7774249058762,10.9871312956319]]}},{"type":"Feature","properties":{"name":"Carrera 50 entre Calles 55 y Vìa 40 (Norte)","type":"ciclorruta_calzada","source":"official","official_objectid":16,"official_tipo":"Ciclorruta en Vía","official_nombre":"Carrera 50 entre Calles 55 y Vìa 40 (Norte)","official_shape_length_m":1562.1959155774566,"official_global_id":"abe3140b-c170-4890-9fcf-0159ca0579f6","length_m":1561.1},"geometry":{"type":"LineString","coordinates":[[-74.7778064070087,10.9877992519362],[-74.7778607358932,10.9877287513956],[-74.7779524491788,10.9876590560987],[-74.7780919364623,10.9876412999267],[-74.7782715576594,10.9876744526998],[-74.7786068748119,10.9877549702315],[-74.7787264522287,10.9878436187988],[-74.7788661913531,10.9879995236816],[-74.7790336417024,10.9882000047474],[-74.7792947879162,10.9884817313928],[-74.7794799208166,10.9885820786159],[-74.780264434987,10.988791825733],[-74.7806552587961,10.9888988365591],[-74.7812687857046,10.9890582179273],[-74.7817767536818,10.9891737166581],[-74.7821213306304,10.9892423675343],[-74.7823682744677,10.9893023943373],[-74.7826320004425,10.9893749997234],[-74.7831207710043,10.9894790845622],[-74.7837340355532,10.9896191524957],[-74.7838970653932,10.9897030741616],[-74.7840726160444,10.9898023893727],[-74.7841839996443,10.9898489999322],[-74.7842379997634,10.9898649995823],[-74.7847416166198,10.9899585276771],[-74.7850100680187,10.9900075930849],[-74.7851929997199,10.9900269998404],[-74.7853650001728,10.9900629999782],[-74.786016895592,10.990278585341],[-74.7863615014902,10.9903600640323],[-74.7864794236509,10.9903580119758],[-74.7865860680654,10.9903324168301],[-74.7872666055479,10.9904626471567],[-74.7886976951836,10.9907256115736],[-74.7891973487003,10.9908009940955],[-74.7894729954703,10.9908092603557],[-74.7897676888465,10.9907911019872],[-74.7899675564379,10.9907651544559],[-74.7905369997175,10.9907559997499],[-74.7913769996435,10.9907789998309]]}},{"type":"Feature","properties":{"name":"Carrera 64 entre Calles 98 y 91","type":"ciclobanda","source":"official","official_objectid":17,"official_tipo":"Ciclobanda","official_nombre":"Carrera 64 entre Calles 98 y 91","official_shape_length_m":692.9561041030152,"official_global_id":"0db1f6a9-6351-4a2c-94f6-5d3b74b8e717","length_m":693.3},"geometry":{"type":"LineString","coordinates":[[-74.8227158899364,11.0187664600073],[-74.822608708422,11.0187304976829],[-74.8225882972272,11.0186874936933],[-74.8209338805736,11.0180861010934],[-74.8200219173685,11.0177646786493],[-74.8191275709711,11.0173195077968],[-74.8185298440277,11.016875869885],[-74.8181526151539,11.0166007272903],[-74.8179972396819,11.0164485465842],[-74.8175991585537,11.0159801985051],[-74.8173594054491,11.0156733545462]]}},{"type":"Feature","properties":{"name":"Calle 91 entre Calles 64C y 64","type":"ciclobanda","source":"official","official_objectid":18,"official_tipo":"Ciclobanda","official_nombre":"Calle 91 entre Calles 64C y 64","official_shape_length_m":368.4189876547034,"official_global_id":"f4f7d121-303a-4a21-acdc-ffc8677ec0ba","length_m":369.5},"geometry":{"type":"LineString","coordinates":[[-74.8173493475153,11.0156607723327],[-74.8171050190482,11.0158255844088],[-74.8169472808883,11.0159603345213],[-74.81681190026,11.0161441110215],[-74.8167467690611,11.0162900507375],[-74.8164088916732,11.016894404913],[-74.8160280776543,11.0176540447044],[-74.8157054532999,11.0182606345851],[-74.815480799603,11.0182601116568]]}},{"type":"Feature","properties":{"name":"Carrera 64B entre Calles 98 y 86","type":"ciclobanda","source":"official","official_objectid":19,"official_tipo":"Ciclobanda","official_nombre":"Carrera 64B entre Calles 98 y 86","official_shape_length_m":987.1488681212771,"official_global_id":"a9eddd0e-cd01-4857-8342-6634292d3369","length_m":987.5},"geometry":{"type":"LineString","coordinates":[[-74.8221917010332,11.0192583431639],[-74.8206078431827,11.0186948861121],[-74.8199573219298,11.0184453538806],[-74.8195905616626,11.0183183569287],[-74.8188192029333,11.0179396731584],[-74.8186461264857,11.0178353387971],[-74.8181828265681,11.0175173162325],[-74.8178202132132,11.0172457878133],[-74.8173780696307,11.0167862937949],[-74.8171408400981,11.0165371799632],[-74.8169095592172,11.0163492238183],[-74.816695331887,11.0162340586172],[-74.8163954715704,11.0160592681284],[-74.8154945187751,11.0155192738934],[-74.8150645027467,11.0152341771606],[-74.8144941088715,11.0148701824194],[-74.8144542272398,11.0148419190611]]}},{"type":"Feature","properties":{"name":"Calle 86 entre Carreras 70 y 64B","type":"ciclobanda","source":"official","official_objectid":20,"official_tipo":"Ciclobanda","official_nombre":"Calle 86 entre Carreras 70 y 64B","official_shape_length_m":360.606741284661,"official_global_id":"ce04d552-f5ad-4fa7-bfd2-4194dc896f63","length_m":361.5},"geometry":{"type":"LineString","coordinates":[[-74.8144522755462,11.0148352922891],[-74.8140613717992,11.0152733215572],[-74.8140205365065,11.015353905467],[-74.8128477340557,11.0166983486631],[-74.8123243104192,11.017322896456]]}},{"type":"Feature","properties":{"name":"Carrera 70 entre Calles 86 y 88A","type":"ciclobanda","source":"official","official_objectid":21,"official_tipo":"Ciclobanda","official_nombre":"Carrera 70 entre Calles 86 y 88A","official_shape_length_m":259.1570613415113,"official_global_id":"2449ff7d-d7f9-4f27-90ed-2b6b4b2eb1c7","length_m":259.6},"geometry":{"type":"LineString","coordinates":[[-74.8123322801207,11.0173306603255],[-74.8130900172743,11.0183919011294],[-74.8131578403351,11.0184229416848],[-74.8134328048911,11.0185755635078],[-74.8136278003464,11.0186796741874],[-74.8139178549635,11.0188408610878],[-74.8140170511085,11.0188925559907]]}},{"type":"Feature","properties":{"name":"Carrera 45 entre Calles 53 y 55","type":"ciclobanda","source":"official","official_objectid":22,"official_tipo":"Ciclobanda","official_nombre":"Carrera 45 entre Calles 53 y 55","official_shape_length_m":260.06175647792975,"official_global_id":"8795e02b-6f59-4cf5-812d-9f6949190b81","length_m":259.8},"geometry":{"type":"LineString","coordinates":[[-74.7897465314973,10.9877784275966],[-74.7899400012093,10.9878010395046],[-74.7902395638702,10.9878783598736],[-74.7913474707551,10.9881632450334],[-74.7920485381294,10.9883646100474]]}},{"type":"Feature","properties":{"name":"Calle 55 entre Carreras 54 y 45","type":"ciclobanda","source":"official","official_objectid":23,"official_tipo":"Ciclobanda","official_nombre":"Calle 55 entre Carreras 54 y 45","official_shape_length_m":519.0671512184235,"official_global_id":"7e1cc300-12cf-4b5a-9ed5-0f3201baa724","length_m":521.6},"geometry":{"type":"LineString","coordinates":[[-74.7920482692642,10.9883517308584],[-74.7913751087166,10.9907726213093],[-74.7912826801598,10.9909159608073],[-74.7911599229064,10.9917715401712],[-74.7912113011706,10.9927574869341],[-74.7912431189364,10.9928702128219],[-74.7912724482514,10.9929023227379]]}},{"type":"Feature","properties":{"name":"Carrera 50 entre Calles 55 y 91","type":"ciclobanda","source":"official","official_objectid":24,"official_tipo":"Ciclobanda","official_nombre":"Carrera 50 entre Calles 55 y 91","official_shape_length_m":4063.2688696651753,"official_global_id":"4228d064-0973-487b-84e2-6f31db8ac63e","length_m":4063.7},"geometry":{"type":"LineString","coordinates":[[-74.8239880004448,11.0068299997917],[-74.823203999889,11.0064720003261],[-74.8226560004163,11.0062250001258],[-74.8222619999994,11.0060339999579],[-74.8219709999005,11.0059029998569],[-74.8215000000566,11.0056719996676],[-74.8209010004112,11.005394999911],[-74.8204810002768,11.0051830002704],[-74.8199949999142,11.0049789996365],[-74.819420999883,11.0047010000625],[-74.8189200002743,11.0044629998441],[-74.8183880003753,11.0041969998121],[-74.8178540000357,11.0039250004062],[-74.817546999719,11.0037740001387],[-74.8168719995574,11.0034730004099],[-74.8162680002141,11.0031869995687],[-74.816025999815,11.0030899999778],[-74.8157149999088,11.0029969997612],[-74.8152610000867,11.0028360001099],[-74.8145059995496,11.0025069996986],[-74.8139599995742,11.0022729996579],[-74.8134950003602,11.0020700001741],[-74.8128450004484,11.0017969995613],[-74.812267999753,11.0015700002497],[-74.8117310004077,11.0013710003145],[-74.8113789995557,11.0012419999158],[-74.8107220002944,11.0010119996958],[-74.8100969997723,11.0007979997615],[-74.8096010003648,11.0006510000536],[-74.8091069997706,11.000496999772],[-74.8086640001916,11.0004689996748],[-74.8082150004146,11.0004929997767],[-74.807755999795,11.0004179996329],[-74.8073260001387,11.0003249997874],[-74.8069689996769,11.0002840003745],[-74.806403999998,11.0001899997951],[-74.8062290000507,11.000163000237],[-74.8060679999972,11.0002079999139],[-74.8059000002078,10.9999759998981],[-74.8052419996231,10.999092000324],[-74.8049059997448,10.9986169995583],[-74.804552999757,10.9981659996603],[-74.8041229997661,10.9975530000752],[-74.8037319998165,10.9972049997657],[-74.803313000005,10.9968600000336],[-74.8029979996791,10.9966299997011],[-74.8025400000115,10.9963289995612],[-74.8018360000336,10.9959750001501],[-74.8010899999596,10.9956530001275],[-74.8005519999453,10.9954200004133],[-74.8001740004413,10.9952619998444],[-74.799805000155,10.995078999747],[-74.7993699998434,10.9948019999415],[-74.7987400003984,10.9944649998835],[-74.798366999711,10.9943350000764],[-74.7979110004093,10.9941300003999],[-74.7973569996633,10.9938910003871],[-74.7964799998439,10.993456999749],[-74.795672999936,10.9930710002085],[-74.7952920000651,10.9928070004095],[-74.7947309998575,10.9924289997411],[-74.7940269997052,10.991933000261],[-74.7933850000542,10.9915050000067],[-74.792873999831,10.9912329998737],[-74.7925529999029,10.9911319998377],[-74.7921759998106,10.991013999835],[-74.7917909995683,10.9908969998497],[-74.7913899997781,10.9907790000532]]}},{"type":"Feature","properties":{"name":"Carrera 47 entre Calles 55 y 88","type":"ciclobanda","source":"official","official_objectid":25,"official_tipo":"Ciclobanda","official_nombre":"Carrera 47 entre Calles 55 y 88","official_shape_length_m":3825.7415840389817,"official_global_id":"5c60714a-53ad-421d-a9c6-fe78d94a3799","length_m":3824.5},"geometry":{"type":"LineString","coordinates":[[-74.8235320000645,11.0031639997866],[-74.8231569997593,11.0031470001023],[-74.8228100002252,11.0031479997641],[-74.8225730004179,11.003147999797],[-74.8218389996069,11.0031180000269],[-74.8213509998152,11.0030809998265],[-74.8210239996873,11.0030649999901],[-74.8207519995744,11.0030249996084],[-74.8205380001976,11.0029970001388],[-74.8201990003707,11.0029549999024],[-74.8197729995757,11.002867000097],[-74.8192280000468,11.0026290000971],[-74.8187079997203,11.0023760000056],[-74.8181770001098,11.0021290001025],[-74.8177649996706,11.0019640002786],[-74.817064999864,11.0016590000717],[-74.8165789996552,11.0014459998341],[-74.8163210002273,11.001294000263],[-74.8159009999072,11.0010529997733],[-74.8154900001173,11.000821000216],[-74.8152310001402,11.0006679995727],[-74.8147779998022,11.0003829999904],[-74.8143910000346,11.0001539996302],[-74.8138820000973,10.9998899997953],[-74.8135659997261,10.9997089996832],[-74.8130170003857,10.999373999786],[-74.8125620004401,10.9991089999767],[-74.8120620002137,10.9988389998585],[-74.8117329999672,10.9986469997728],[-74.8113970003813,10.9984599997874],[-74.8109119999228,10.9981699999534],[-74.8104819997609,10.9979150003546],[-74.8101649997225,10.9977440003583],[-74.809700999758,10.9974660004473],[-74.8093969997131,10.9972930003311],[-74.808970000419,10.9970309998883],[-74.8084629998342,10.9968530000713],[-74.8080300000073,10.9966909999084],[-74.8075190003583,10.9964969996371],[-74.8070930002449,10.9963400001082],[-74.8068460000302,10.9960700000013],[-74.8065009999025,10.9958469997888],[-74.8060020002374,10.9955579995591],[-74.805441999635,10.9952299998457],[-74.8051320001321,10.9950609996368],[-74.8046139995635,10.994770000351],[-74.8040980000115,10.9944789998526],[-74.8035690001958,10.9941760003061],[-74.803229000295,10.99398900016],[-74.803056000048,10.9939090002243],[-74.8028449998439,10.9938390001692],[-74.802520999999,10.9937219998302],[-74.8024420000351,10.9936929998408],[-74.8022569999543,10.9936219999528],[-74.8021120003784,10.9935730004112],[-74.8020439997576,10.9935379997526],[-74.8018600001907,10.9934960002581],[-74.8016970001177,10.9934299999039],[-74.8016390003533,10.9934050003794],[-74.8014700002541,10.99335699961],[-74.8013529998396,10.9933250000178],[-74.8012530003497,10.9932879998219],[-74.8011450001314,10.9932560004205],[-74.8010349999127,10.9932179997481],[-74.8009570002235,10.9931889996867],[-74.8008769999015,10.9931620003337],[-74.8006460002772,10.9931069997649],[-74.800357999939,10.9930249999851],[-74.8000390001856,10.9929400000737],[-74.7997229999969,10.9928599997944],[-74.7994899996535,10.9927880002555],[-74.7991160003307,10.9926799999756],[-74.7989699999485,10.9926480004484],[-74.7988430002208,10.9926119999966],[-74.7987789997612,10.9925930002399],[-74.798686000392,10.9925750003328],[-74.79852800018,10.9925189996478],[-74.7982760001338,10.9924670002874],[-74.7981910001723,10.9924370000127],[-74.7977580003201,10.9923220000505],[-74.7970419998613,10.9921320003144],[-74.7964849996801,10.9919699995928],[-74.7959400002067,10.9918080001981],[-74.79551600018,10.9916960003634],[-74.7951059998724,10.9916030000401],[-74.7945829997864,10.9914420002475],[-74.7938930002811,10.991263999574],[-74.7933500001114,10.9911059997787],[-74.7928629996859,10.9909629997888],[-74.79248599972,10.9908639998826],[-74.7921950003019,10.9907910000065],[-74.7917320002872,10.9906800002701],[-74.7913840003155,10.9906589998468]]}},{"type":"Feature","properties":{"name":"Calle 54 entre Carreras 54 y 44B","type":"ciclobanda","source":"official","official_objectid":26,"official_tipo":"Ciclobanda","official_nombre":"Calle 54 entre Carreras 54 y 44B","official_shape_length_m":639.9174237801042,"official_global_id":"d52381fb-5929-4244-b510-292e061f0f75","length_m":643.0},"geometry":{"type":"LineString","coordinates":[[-74.7902682473919,10.992845838449],[-74.7902896073914,10.9923516355169],[-74.7903000888299,10.9918227246743],[-74.7905565751613,10.9908259991918],[-74.7910503861287,10.9891631868079],[-74.7916433598235,10.9872512878188]]}},{"type":"Feature","properties":{"name":"Carrera 44B entre Calles 54 y 53","type":"ciclobanda","source":"official","official_objectid":27,"official_tipo":"Ciclobanda","official_nombre":"Carrera 44B entre Calles 54 y 53","official_shape_length_m":169.92857213759066,"official_global_id":"099a24a0-60ca-4e5c-8916-5d31164d09af","length_m":169.8},"geometry":{"type":"LineString","coordinates":[[-74.7916241105557,10.9872537674031],[-74.7907608209365,10.9870129850012],[-74.7901267796791,10.9868403896687]]}},{"type":"Feature","properties":{"name":"Calle 53 entre Carreras 45 y 44B","type":"ciclobanda","source":"official","official_objectid":28,"official_tipo":"Ciclobanda","official_nombre":"Calle 53 entre Carreras 45 y 44B","official_shape_length_m":189.95368674998824,"official_global_id":"2d5b2e11-1142-4747-b20d-c87d7a81c531","length_m":190.5},"geometry":{"type":"LineString","coordinates":[[-74.7901359927039,10.9868334734776],[-74.7900576356521,10.986834049321],[-74.7899433652571,10.9869748460627],[-74.7895919585948,10.9876425451197],[-74.7896260447428,10.9877299863304],[-74.7896695425479,10.9877914478795],[-74.7896490406259,10.9879091264431],[-74.7895423248752,10.987950647179],[-74.7896182617163,10.9877880460327],[-74.789745847149,10.9877833902101]]}},{"type":"Feature","properties":{"name":"Carrera 53 entre Calles 61 y 54","type":"ciclobanda","source":"official","official_objectid":29,"official_tipo":"Ciclobanda","official_nombre":"Carrera 53 entre Calles 61 y 54","official_shape_length_m":602.1841108866521,"official_global_id":"bfec4b3b-7f2f-45b8-8428-374d5d93b7ad","length_m":602.6},"geometry":{"type":"LineString","coordinates":[[-74.7948446954347,10.9943127263527],[-74.7941516104956,10.9936508868488],[-74.7934209032729,10.9929599041445],[-74.7927262980027,10.9923027688078],[-74.7925599211473,10.9921503921302],[-74.7923418243956,10.9919667699402],[-74.7920998750785,10.9918489866929],[-74.7915863392759,10.9917630670062],[-74.7903191126713,10.9917060285641]]}},{"type":"Feature","properties":{"name":"Calle 61 entre Carreras 46 y 50 S-N","type":"ciclobanda","source":"official","official_objectid":30,"official_tipo":"Ciclobanda","official_nombre":"Calle 61 entre Carreras 46 y 50 S-N","official_shape_length_m":273.7622010530007,"official_global_id":"3b7358c3-ba0d-47d5-b9d7-97b7dd7ce82b","length_m":275.0},"geometry":{"type":"LineString","coordinates":[[-74.7956036630726,10.9930143085707],[-74.7956511666102,10.9929759158459],[-74.7962911918907,10.9906461183337]]}},{"type":"Feature","properties":{"name":"Calle 61 entre Carreras 46 y 53 N-S","type":"ciclobanda","source":"official","official_objectid":31,"official_tipo":"Ciclobanda","official_nombre":"Calle 61 entre Carreras 46 y 53 N-S","official_shape_length_m":430.74308041434006,"official_global_id":"e3a47823-b21c-4819-b3a5-3123d5d06b7d","length_m":432.5},"geometry":{"type":"LineString","coordinates":[[-74.794845873055,10.9943067112496],[-74.7956654239853,10.9930901470727],[-74.7957066833316,10.9929932187559],[-74.7958281964577,10.9925552162812],[-74.7960467011905,10.9918608022938],[-74.7963581837776,10.9907570266514]]}},{"type":"Feature","properties":{"name":"Calle 59 entre Carreras 53 y 62","type":"ciclobanda","source":"official","official_objectid":32,"official_tipo":"Ciclobanda","official_nombre":"Calle 59 entre Carreras 53 y 62","official_shape_length_m":570.5241946791325,"official_global_id":"2d68bee2-922a-406a-ab83-e8b97ee7d760","length_m":571.7},"geometry":{"type":"LineString","coordinates":[[-74.7897234748767,10.9966004021341],[-74.790963391833,10.9956536765746],[-74.7914692889841,10.9952534876579],[-74.7917592879148,10.9949226482431],[-74.7923192910373,10.9943177011535],[-74.7925371816382,10.994070897641],[-74.79261597473,10.9939695097992],[-74.7927713519725,10.993752628232],[-74.793195668789,10.9931492562919],[-74.7933442694538,10.9929400534033]]}},{"type":"Feature","properties":{"name":"Calle 59 entre Carrera 53 y 47","type":"ciclobanda","source":"official","official_objectid":33,"official_tipo":"Ciclobanda","official_nombre":"Calle 59 entre Carrera 53 y 47","official_shape_length_m":213.66167443719127,"official_global_id":"40fdae5f-76c1-46ce-b678-685605074410","length_m":214.2},"geometry":{"type":"LineString","coordinates":[[-74.7933430001483,10.9929460000165],[-74.7936640001709,10.9924449998137],[-74.7939979998625,10.9920389997978],[-74.7945850001343,10.9914659996376]]}},{"type":"Feature","properties":{"name":"Carrera 65 entre Calle 90 y 91A","type":"ciclobanda","source":"official","official_objectid":34,"official_tipo":"Ciclobanda","official_nombre":"Carrera 65 entre Calle 90 y 91A","official_shape_length_m":107.74318837987013,"official_global_id":"607f912d-4ab2-4e5a-8849-2d61d9239d25","length_m":107.7},"geometry":{"type":"LineString","coordinates":[[-74.815469062195,11.0182594766908],[-74.8152245216118,11.0182507902943],[-74.8149417488274,11.0182738165123],[-74.8148506317325,11.0183090224062],[-74.8147939683857,11.0183898997986],[-74.8145342070021,11.018378433975]]}},{"type":"Feature","properties":{"name":"Calle 98 entre carreras 56 y 65","type":"ciclorruta_anden","source":"official","official_objectid":35,"official_tipo":"Ciclorruta en Andén","official_nombre":"Calle 98 entre carreras 56 y 65","official_shape_length_m":614.2767633507816,"official_global_id":"4354ac43-643c-443d-9f2e-3236c7e07f80","length_m":615.7},"geometry":{"type":"LineString","coordinates":[[-74.8216120001712,11.0199190002381],[-74.8216120004039,11.0199180004505],[-74.8216200001019,11.0199110004002],[-74.8216610000542,11.0198779999753],[-74.8216770003727,11.019859999818],[-74.8216949997595,11.0198389999153],[-74.8221050003172,11.0193670002919],[-74.8225329997471,11.0189139998469],[-74.822834000021,11.0186099997634],[-74.8231859999322,11.0182459998759],[-74.8234930002766,11.0179140003807],[-74.8239279997406,11.0174409997116],[-74.824264999941,11.0170860002435],[-74.8247665869114,11.0164999184234],[-74.8249524152248,11.0162733065537],[-74.825124498881,11.0160494954843],[-74.8252583123068,11.0158708440446],[-74.8252937057393,11.0158188755145],[-74.8253216229274,11.0157970600154],[-74.8253524938428,11.0157890697243]]}},{"type":"Feature","properties":{"name":"Carrera 56 entre Calles 98 y 99","type":"ciclorruta_anden","source":"official","official_objectid":36,"official_tipo":"Ciclorruta en Andén","official_nombre":"Carrera 56 entre Calles 98 y 99","official_shape_length_m":96.24197607485499,"official_global_id":"2bb6f3a8-32a8-43b5-b527-799979db7f22","length_m":96.2},"geometry":{"type":"LineString","coordinates":[[-74.8261705252821,11.0161145742001],[-74.8253521223186,11.0157934042531]]}},{"type":"Feature","properties":{"name":"Calle 99 entre carreras 53 y 65 castellana","type":"ciclorruta_anden","source":"official","official_objectid":37,"official_tipo":"Ciclorruta en Andén","official_nombre":"Calle 99 entre carreras 53 y 65 castellana","official_shape_length_m":1117.0151598163545,"official_global_id":"6645592b-75ae-4d84-9608-4709fac0a560","length_m":1120.0},"geometry":{"type":"LineString","coordinates":[[-74.8273959998478,11.0146149999665],[-74.8273980002274,11.0146139997581],[-74.8273970001459,11.0146140004209],[-74.8273760000979,11.0146359996873],[-74.8273820002047,11.0146249998721],[-74.8273990002174,11.0146229998822],[-74.8273710002988,11.0146160000459],[-74.8273550000008,11.014623999897],[-74.827261999944,11.0147590000839],[-74.827123000275,11.0150230003937],[-74.8270940002588,11.0150500002527],[-74.8270619999271,11.0150730002385],[-74.8268021421472,11.0154486900573],[-74.8266689997415,11.0157199996637],[-74.8263650003784,11.0161180004262],[-74.8263069996202,11.0161989996692],[-74.826291000433,11.0162139997794],[-74.8262779997271,11.0162329997715],[-74.8262689999039,11.0162580003609],[-74.8262630001262,11.0162839996624],[-74.8262540000827,11.0163100000382],[-74.8262399998545,11.0163390003574],[-74.826217999821,11.0163679996212],[-74.8261900003824,11.0163960003385],[-74.8261569995725,11.016423999832],[-74.8261250002426,11.0164540000402],[-74.8260989999211,11.0164910002227],[-74.8260810001832,11.0165370004401],[-74.8260639996576,11.0165870000489],[-74.8260339999584,11.0166320002462],[-74.8259990004073,11.0166699998055],[-74.8259669997258,11.0167059996242],[-74.8258669999846,11.0168769999768],[-74.8258560000623,11.0168930001804],[-74.8258510000311,11.0169120003143],[-74.8258450003431,11.0169289997248],[-74.8258329998077,11.0169390000616],[-74.8258159999885,11.0169520003331],[-74.8257969995453,11.0169669996857],[-74.8257120004104,11.0171240003486],[-74.8256959999226,11.0172240003498],[-74.8256770000298,11.0172740003509],[-74.8256499997866,11.0173179996626],[-74.8256220002844,11.0173540004334],[-74.8255950003506,11.0173840000199],[-74.8255730003641,11.0174080003121],[-74.8255589999822,11.0174329996524],[-74.8255470002633,11.0174599999607],[-74.8255320002981,11.0174909995781],[-74.8254120000614,11.0175910000961],[-74.8253989997523,11.0176159996772],[-74.8253930003922,11.0176480003946],[-74.8253880002419,11.0176839996024],[-74.8253849998059,11.0177179997328],[-74.8253830000874,11.0177449997963],[-74.8253790004349,11.017774999628],[-74.8253719999116,11.0178159999856],[-74.8253599995718,11.0178539997469],[-74.8253429998926,11.0178910002912],[-74.8253200001128,11.017929999827],[-74.8252929997287,11.0179699999671],[-74.8252630004066,11.0180079997871],[-74.8251270001504,11.018132999945],[-74.8250909996482,11.0181570003516],[-74.8250579999308,11.0181870002154],[-74.8249939997542,11.0182470004318],[-74.8249649999889,11.0182829999986],[-74.8247840002122,11.0186409996284],[-74.8247420001297,11.0188869998984],[-74.8246690003534,11.0191669996358],[-74.8242970000733,11.0192530003925],[-74.8238610002294,11.0194459997149],[-74.82378799955,11.0195060001502],[-74.8234979995479,11.0197699998218],[-74.8232200001413,11.0200870000214],[-74.8232089995677,11.0201330000708],[-74.8232129998623,11.0201859997211],[-74.8232300001249,11.020237000386],[-74.8232550002938,11.0202840003173],[-74.8232859999193,11.0203199995965],[-74.823321000175,11.0203469999972],[-74.8233590000371,11.0203650003632],[-74.8233970001278,11.0203820000331],[-74.8234370001808,11.0203919998903],[-74.8237529998948,11.0203190003786],[-74.8237819998365,11.0202999999927],[-74.8240770003627,11.0200410002283],[-74.8243320003841,11.0196160003391],[-74.8243879995695,11.0192999995807],[-74.8247320000532,11.0191140004435],[-74.8247709999717,11.0188180001661],[-74.824784000282,11.0187150000932],[-74.8247790003967,11.0186710001105],[-74.8248029995769,11.0186770002874],[-74.8247919997755,11.0186629996344],[-74.8247910004012,11.0186680001238]]}},{"type":"Feature","properties":{"name":"CC. Buenavista (calle 99 entre carreras 53 y 52)","type":"ciclorruta_anden","source":"official","official_objectid":38,"official_tipo":"Ciclorruta en Andén","official_nombre":"CC. Buenavista (calle 99 entre carreras 53 y 52)","official_shape_length_m":299.1267968439431,"official_global_id":"1e3ac65b-a384-4c7a-b19e-0f398ebe5b66","length_m":300.0},"geometry":{"type":"LineString","coordinates":[[-74.8276319999787,11.0142340000207],[-74.8276229997939,11.014240000188],[-74.8275230001181,11.0143029996953],[-74.8275109998353,11.0143040002065],[-74.8275069996294,11.0143120002438],[-74.8274849998654,11.0144010003109],[-74.8275479999336,11.014394999598],[-74.8275710000804,11.0143559999193],[-74.8275939997315,11.0143149997642],[-74.8277579999424,11.0140460000212],[-74.8277670000925,11.0140099999407],[-74.827773999802,11.0139710000226],[-74.8277870001424,11.0139269999014],[-74.8278019997267,11.013883000262],[-74.8278139999787,11.0138389999],[-74.8278279996875,11.0137940002331],[-74.8278489998715,11.013758000319],[-74.8278730003562,11.013726000267],[-74.8279010000943,11.0136990001048],[-74.8279329998679,11.013668999733],[-74.8279649996372,11.0136390002621],[-74.8279920000588,11.0136039997548],[-74.8280200002765,11.0135660001272],[-74.8280460003272,11.0135280000191],[-74.8281699995864,11.0133530002326],[-74.8282480001024,11.0131759997903],[-74.8282670001102,11.0131440003266],[-74.8282889997127,11.0131150000331],[-74.8286020003737,11.0127879999313],[-74.8286860002519,11.0126100001338],[-74.8286629996849,11.0126000004288],[-74.8286270002873,11.012632000392],[-74.8286150003146,11.0126580001108],[-74.8286019995672,11.0127570002406],[-74.8286019997304,11.0127780002653],[-74.8285970000502,11.0127789997659],[-74.8285959996898,11.0127760001712],[-74.8285870000009,11.012792999816],[-74.8285860001341,11.0127919997919],[-74.8285860000596,11.0127879997443],[-74.8285859995659,11.0127860001735],[-74.8285830000404,11.012787000149],[-74.8285799998105,11.0127870003402]]}},{"type":"Feature","properties":{"name":"Parque José prudenció padilla 1 (carrera 59b entre calle 98-99)","type":"ciclorruta_anden","source":"official","official_objectid":39,"official_tipo":"Ciclorruta en Andén","official_nombre":"Parque José prudenció padilla 1 (carrera 59b entre calle 98-99)","official_shape_length_m":216.8612062745012,"official_global_id":"ff9877ed-ffa7-418c-8265-b4f433c14027","length_m":216.9},"geometry":{"type":"LineString","coordinates":[[-74.824577999847,11.0187870002414],[-74.8245789997227,11.0187880002779],[-74.8245780003163,11.0187889998131],[-74.8245769997743,11.0187910000416],[-74.8244980004473,11.0187450000706],[-74.8243219997517,11.0186299995636],[-74.8240839997633,11.0185059997486],[-74.8237520003511,11.0184090000815],[-74.8236489997927,11.0184199997345],[-74.8236320002538,11.0184350003703],[-74.8234609995708,11.0186520002843],[-74.8232730000835,11.0187139999273],[-74.8229890003086,11.018627000443],[-74.8229610000976,11.018636000424],[-74.8229579995725,11.0186330002998],[-74.8229250004197,11.0185789997758],[-74.8228650000437,11.0185589995709]]}},{"type":"Feature","properties":{"name":"Parque José prudencío2 (Carrera 64B entre Calles 98-99)","type":"ciclorruta_anden","source":"official","official_objectid":40,"official_tipo":"Ciclorruta en Andén","official_nombre":"Parque José prudencío2 (Carrera 64B entre Calles 98-99)","official_shape_length_m":146.74145829792184,"official_global_id":"955b8b55-5f1b-4d2d-bf78-205904e89f45","length_m":146.7},"geometry":{"type":"LineString","coordinates":[[-74.8228589997055,11.0185899995663],[-74.8228610001307,11.0185890002893],[-74.8228689997658,11.0185860002609],[-74.8231229999838,11.0186820002517],[-74.8234079996984,11.0188549995921],[-74.8237690000393,11.0189339999188],[-74.8239869997072,11.0190680000311],[-74.8240219999973,11.0190740003212],[-74.8239940003761,11.0191130003205],[-74.8239950002511,11.0191140003588],[-74.8239959996949,11.0191210000215],[-74.82400100021,11.019125000424]]}},{"type":"Feature","properties":{"name":"Parque entre calles 99-99B y carreras 64-59B","type":"ciclorruta_anden","source":"official","official_objectid":41,"official_tipo":"Ciclorruta en Andén","official_nombre":"Parque entre calles 99-99B y carreras 64-59B","official_shape_length_m":197.36590643529172,"official_global_id":"b66bc7c6-c657-475d-835c-b1c0f4c667d6","length_m":197.3},"geometry":{"type":"LineString","coordinates":[[-74.8249228777113,11.0190837789658],[-74.8250097581636,11.0191058730029],[-74.8250345075613,11.0190987746522],[-74.8250955255675,11.0190669113789],[-74.8251758545664,11.0190473152356],[-74.8256527106237,11.019177439003],[-74.8256442071481,11.0192077247463],[-74.8258868249699,11.0194354618213],[-74.8259476842454,11.0194707769838],[-74.8265298786562,11.0196400532322]]}},{"type":"Feature","properties":{"name":"Carrera 55 con calle 99 caí plaza parque","type":"ciclorruta_anden","source":"official","official_objectid":42,"official_tipo":"Ciclorruta en Andén","official_nombre":"Carrera 55 con calle 99 caí plaza parque","official_shape_length_m":156.77060086400846,"official_global_id":"9f241909-b1f1-4c60-b360-0da9cb445eb0","length_m":157.0},"geometry":{"type":"LineString","coordinates":[[-74.8276489623871,11.0158569398611],[-74.8272599456729,11.0156620461301],[-74.8270763766517,11.0155823033354],[-74.8270114031922,11.0155856141178],[-74.8269385772923,11.01560918859],[-74.8268841912368,11.0156465129372],[-74.8268168865948,11.0157483065638],[-74.8265851496558,11.0160680219437],[-74.8265450191968,11.0161231236967]]}},{"type":"Feature","properties":{"name":"Carrera 55 entre carreras 56 y 57","type":"ciclorruta_anden","source":"official","official_objectid":43,"official_tipo":"Ciclorruta en Andén","official_nombre":"Carrera 55 entre carreras 56 y 57","official_shape_length_m":83.07658986845645,"official_global_id":"15d721a9-9b42-48a8-bd20-8e7fc78274cb","length_m":83.1},"geometry":{"type":"LineString","coordinates":[[-74.8284435687734,11.0162554034611],[-74.8284108784982,11.0162430204729],[-74.828326549698,11.0162017886269],[-74.8281396224228,11.0160976360055],[-74.8280443501515,11.0160411487014],[-74.827880539537,11.0159583383146],[-74.8278108266,11.0159270689402],[-74.8277709261144,11.0159070507314]]}},{"type":"Feature","properties":{"name":"Corredor Homecenter Tramo 1 (Calle 99B entre Carreras 57 y 59B)","type":"ciclorruta_anden","source":"official","official_objectid":44,"official_tipo":"Ciclorruta en Andén","official_nombre":"Corredor Homecenter Tramo 1 (Calle 99B entre Carreras 57 y 59B)","official_shape_length_m":300.4370578689885,"official_global_id":"6f79d319-a438-436b-a17f-4f76bc41c611","length_m":301.0},"geometry":{"type":"LineString","coordinates":[[-74.8266931593605,11.0192953539916],[-74.8267743621976,11.0191061848851],[-74.8268368119753,11.0189893440683],[-74.8269057451254,11.0188647962886],[-74.8270076617269,11.0187234255794],[-74.8272259817651,11.0184992008384],[-74.8273803287264,11.0183701851343],[-74.8279004760499,11.0180468163376],[-74.8280463713213,11.0179512932564],[-74.8284393058411,11.0176492174678],[-74.8286541825302,11.0174667825044]]}},{"type":"Feature","properties":{"name":"Corredor Homcenter Tramo 2 (Calle 99B entre Carreras 65 y 59B)","type":"ciclorruta_anden","source":"official","official_objectid":45,"official_tipo":"Ciclorruta en Andén","official_nombre":"Corredor Homcenter Tramo 2 (Calle 99B entre Carreras 65 y 59B)","official_shape_length_m":284.90190187619413,"official_global_id":"1ad0c3ee-9e60-4de7-84d7-ea772c3c84ca","length_m":285.7},"geometry":{"type":"LineString","coordinates":[[-74.8251150413507,11.0212948326703],[-74.8254956174494,11.0210056252538],[-74.8256975405683,11.0208024012453],[-74.8258370485242,11.0206714422363],[-74.8261560500264,11.0202854501021],[-74.826375044049,11.0199637821499],[-74.8264941879341,11.0197597766733],[-74.8266366882585,11.0194769979715],[-74.8266983210141,11.0192982935976]]}},{"type":"Feature","properties":{"name":"Calle 100 entre carrera 46 y transversal 44*","type":"ciclorruta_anden","source":"official","official_objectid":46,"official_tipo":"Ciclorruta en Andén","official_nombre":"Calle 100 entre carrera 46 y transversal 44*","official_shape_length_m":235.353629374411,"official_global_id":"85f5248e-a4a8-4abc-91d1-3f52a8a10205","length_m":236.0},"geometry":{"type":"LineString","coordinates":[[-74.8343064679341,11.007965484441],[-74.834349085424,11.0078820390124],[-74.8343973287314,11.0077701697531],[-74.8343963563325,11.0076362262905],[-74.8344210877553,11.0075365594865],[-74.8346168321628,11.0071067380378],[-74.8347186695779,11.0069176034367],[-74.8348415543709,11.0067451794502],[-74.8349846027233,11.0065995149225],[-74.8350978917002,11.0065794997259],[-74.8351693555588,11.0065761865189],[-74.8352180657848,11.0065569904489],[-74.835317197717,11.0065116425282],[-74.8354455647117,11.0064527778636],[-74.8355326653893,11.0064187477052]]}},{"type":"Feature","properties":{"name":"Paralela Calle100 (entre Carreras 43C y 45 hacia parque 100)","type":"ciclorruta_anden","source":"official","official_objectid":47,"official_tipo":"Ciclorruta en Andén","official_nombre":"Paralela Calle100 (entre Carreras 43C y 45 hacia parque 100)","official_shape_length_m":212.00475534202613,"official_global_id":"9de2b45e-5e7a-44fc-98c9-588f7e9a5512","length_m":212.2},"geometry":{"type":"LineString","coordinates":[[-74.8363925635676,11.0060652999973],[-74.8364900001947,11.0060229995982],[-74.8365050002584,11.0060169995673],[-74.836528999701,11.006006999604],[-74.8366880004058,11.0059390001679],[-74.8369170000885,11.0058460000828],[-74.8369499996005,11.0058329999282],[-74.8371859998317,11.0057379997536],[-74.8372210001518,11.0057209999486],[-74.8372300002422,11.0057129999533],[-74.8372429998043,11.0057040001137],[-74.8375460001129,11.0054849998281],[-74.8378390001171,11.0051510002685],[-74.8379059997171,11.0050700000796],[-74.8379339999464,11.0050559998997],[-74.8379209998414,11.0050479998158],[-74.8379209998164,11.0050380001633],[-74.8379280001433,11.0050329999889],[-74.8379249996363,11.0050349998371],[-74.837921000382,11.0050449995571],[-74.8379210002033,11.0050460002459],[-74.8379220002502,11.0050459995506],[-74.8379209998414,11.0050479998158]]}},{"type":"Feature","properties":{"name":"Calle 100 entre transversal 44 y 43C","type":"ciclorruta_anden","source":"official","official_objectid":48,"official_tipo":"Ciclorruta en Andén","official_nombre":"Calle 100 entre transversal 44 y 43C","official_shape_length_m":95.6093390522027,"official_global_id":"4cae2f1c-ff3e-4370-b4eb-c29c45368629","length_m":95.6},"geometry":{"type":"LineString","coordinates":[[-74.8363284269374,11.0060993833058],[-74.8362898766082,11.0061146508463],[-74.8362516214606,11.006119414481],[-74.8362000510078,11.0061167193121],[-74.8361632613751,11.0061170941433],[-74.8361321933935,11.0061144065115],[-74.8361052212419,11.0061079662341],[-74.8360866181663,11.0061065030733],[-74.8360631679427,11.0061130313115],[-74.8360444434268,11.0061256133488],[-74.8360266238556,11.0061557390772],[-74.8360052677219,11.0061832702182],[-74.8359823142716,11.0062062339978],[-74.8359670020535,11.0062254163949],[-74.8359524364005,11.0062392174341],[-74.8359390393958,11.0062448871051],[-74.8359024029396,11.0062568630047],[-74.8358730718728,11.0062754096583],[-74.8358408559016,11.0062846454448],[-74.8358196771842,11.0062928358089],[-74.8357803739053,11.0063145893056],[-74.8357525644514,11.0063249250551],[-74.8357155237971,11.0063369923386],[-74.8356804405289,11.0063509602894],[-74.8356377081122,11.0063674088242],[-74.8355544314489,11.0064058733575]]}},{"type":"Feature","properties":{"name":"Calle 88A entre carreras 65 y 73","type":"ciclorruta_anden","source":"official","official_objectid":49,"official_tipo":"Ciclorruta en Andén","official_nombre":"Calle 88A entre carreras 65 y 73","official_shape_length_m":343.99800040225364,"official_global_id":"bace9149-524f-41a8-bc16-5142528e382b","length_m":345.0},"geometry":{"type":"LineString","coordinates":[[-74.8145316962056,11.0183798936543],[-74.8145192140781,11.0183789305124],[-74.8144133430311,11.0184007590393],[-74.8141848540264,11.0186792768042],[-74.8140010234377,11.018884283814],[-74.8137074815429,11.0192085227688],[-74.8135850309468,11.0194021849704],[-74.8135471693368,11.0194958700651],[-74.8134371602798,11.0196587653098],[-74.8131788775024,11.0199821517264],[-74.8130282765708,11.0200964765289],[-74.8129976823028,11.0201347758982],[-74.8127151649479,11.020830489281]]}},{"type":"Feature","properties":{"name":"Malecon Sector 1 (Entre Calles 84 y 78A)","type":"ciclorruta_anden","source":"official","official_objectid":50,"official_tipo":"Ciclorruta en Andén","official_nombre":"Malecon Sector 1 (Entre Calles 84 y 78A)","official_shape_length_m":861.6594988508006,"official_global_id":"e4fe09d0-37dc-4f22-a168-9dbc4b10662e","length_m":862.8},"geometry":{"type":"LineString","coordinates":[[-74.798274342508,11.0248025498123],[-74.7983029213543,11.0248302844076],[-74.7983236436462,11.024848191626],[-74.7983220081471,11.0248604479314],[-74.7983116129362,11.0248703828697],[-74.7983015473569,11.0248710160704],[-74.798286698655,11.0248613897248],[-74.7982820534921,11.0248446565172],[-74.7982831243884,11.0248263747816],[-74.7982708444231,11.0247995686954],[-74.7978208379923,11.024275750002],[-74.7977051607445,11.0241532275294],[-74.7975946696657,11.0240497709964],[-74.7974745111549,11.0239559791206],[-74.7971208700637,11.0236944218903],[-74.7966100901047,11.0233191321693],[-74.7958009657015,11.0227291092461],[-74.7954043165564,11.0224798173054],[-74.7952378230218,11.0223695209289],[-74.7953577501555,11.0222197627591],[-74.7953573208317,11.0221996883797],[-74.7953479789305,11.022179492265],[-74.7953396660292,11.0221580001318],[-74.7953323905345,11.0221383017343],[-74.7953330393848,11.0221145691431],[-74.7953346406059,11.0220956750646],[-74.795348406168,11.0220707787564],[-74.7953654716873,11.0220513319131],[-74.7953902057328,11.0220276354304],[-74.7954033801645,11.0220151827805],[-74.7954153736459,11.0220058886892],[-74.795428051616,11.0219781284588],[-74.7954699083592,11.0219434805102],[-74.7963756883858,11.021232818017],[-74.7974189803505,11.0204374482924],[-74.7978035386013,11.020149064571],[-74.7980304624778,11.019983984921]]}},{"type":"Feature","properties":{"name":"Malecon Sector 2 (Entre Calles 78A y 72)","type":"ciclorruta_anden","source":"official","official_objectid":51,"official_tipo":"Ciclorruta en Andén","official_nombre":"Malecon Sector 2 (Entre Calles 78A y 72)","official_shape_length_m":2239.0324226312064,"official_global_id":"533a7ee4-7a6d-4058-a03f-0e07592036a6","length_m":2243.5},"geometry":{"type":"LineString","coordinates":[[-74.7952378709587,11.0223685354867],[-74.795146266673,11.0222938500658],[-74.7949626064928,11.022125335893],[-74.7948924652691,11.0220507523904],[-74.7946499112291,11.0217681830871],[-74.7945139843887,11.0216294961895],[-74.7943316457483,11.021478153013],[-74.7941933962729,11.021364920049],[-74.7940721384459,11.0212481584518],[-74.7937947167207,11.0209437620637],[-74.7936697981327,11.0208057673986],[-74.7935472060614,11.0206584924322],[-74.7928038247927,11.0197870255218],[-74.7924333770329,11.0193584938987],[-74.7920573964075,11.0189709283304],[-74.7916235989357,11.0184872388232],[-74.7913691042572,11.0181927350154],[-74.7902028470237,11.0168211742896],[-74.7897620052829,11.0163091505447],[-74.7886166605098,11.0149813392152],[-74.7884443057185,11.0147470950803],[-74.7883299558215,11.0146010494344],[-74.7873648101629,11.0134844703717],[-74.7872812393675,11.0134085114593],[-74.7871810442317,11.0133417721398],[-74.787083884141,11.013296034031],[-74.7869045823369,11.0132334371118],[-74.7865586005868,11.0131978162154],[-74.7861765786798,11.0131489834142],[-74.7860347423473,11.0131024344274],[-74.7858954295048,11.0130409178157],[-74.7857933840781,11.0129877111974],[-74.7857443491643,11.012949992497],[-74.7857663058329,11.0129249463996],[-74.7858734355045,11.0127560249027],[-74.7858354158277,11.012721212098],[-74.7858062561805,11.0126868495862],[-74.7857994689598,11.012656303881],[-74.7857954070515,11.012618680935],[-74.7858050247143,11.0125831630663],[-74.7860291782025,11.0122345351257],[-74.7862350350654,11.0119708373976],[-74.7866305702265,11.011609942478],[-74.7869625861064,11.0113346806835],[-74.7875455809494,11.0108309969758],[-74.7882371396147,11.010246164291],[-74.7883792635571,11.0101224030717],[-74.7890474457165,11.0095436710167],[-74.7891485564987,11.0094475993539],[-74.7897957240831,11.0087835917403],[-74.7901316489096,11.0084215163218],[-74.7903243292957,11.0082232431759]]}},{"type":"Feature","properties":{"name":"Malecon Sector 2 intersección Extensión Carrera 72","type":"ciclorruta_anden","source":"official","official_objectid":52,"official_tipo":"Ciclorruta en Andén","official_nombre":"Malecon Sector 2 intersección Extensión Carrera 72","official_shape_length_m":29.038363605502077,"official_global_id":"6b1b2a41-b835-4285-b90a-cdb9b5272755","length_m":29.1},"geometry":{"type":"LineString","coordinates":[[-74.7857443442056,11.0129486835547],[-74.7855274226135,11.0127971023172]]}},{"type":"Feature","properties":{"name":"Carrera 65A entre Calles  98 y 100","type":"ciclorruta_anden","source":"official","official_objectid":53,"official_tipo":"Ciclorruta en Andén","official_nombre":"Carrera 65A entre Calles  98 y 100","official_shape_length_m":415.1624867390449,"official_global_id":"400652a1-aa97-4b37-8b4e-bf75e7edff6e","length_m":415.6},"geometry":{"type":"LineString","coordinates":[[-74.8213689672691,11.0206981591161],[-74.821504554533,11.0208027834611],[-74.8220481834527,11.0211891554849],[-74.822325496252,11.0213774208651],[-74.8226577911824,11.0216026307018],[-74.8230160774505,11.0218020087063],[-74.8236658707359,11.0221429526696],[-74.8238337914693,11.0222486760067],[-74.8239440080087,11.0223435598723],[-74.8244032636877,11.0228981685743]]}},{"type":"Feature","properties":{"name":"Calle 98 entre 65 y 71 costado oriental","type":"ciclorruta_anden","source":"official","official_objectid":54,"official_tipo":"Ciclorruta en Andén","official_nombre":"Calle 98 entre 65 y 71 costado oriental","official_shape_length_m":220.0548892024476,"official_global_id":"f298c4c9-77ea-4bc5-9e6a-25e0987d1bf9","length_m":220.6},"geometry":{"type":"LineString","coordinates":[[-74.8213826939071,11.0203083224269],[-74.8212904648703,11.0202187566537],[-74.821250017261,11.0202075860638],[-74.8211803166041,11.0201915777352],[-74.821115102274,11.0201828714837],[-74.8210505489723,11.0201910822373],[-74.8209768668104,11.0202215927029],[-74.8209118462691,11.0202711230805],[-74.8208752695503,11.0203206144849],[-74.8208296973837,11.0204207735623],[-74.820830464772,11.0204683998772],[-74.8208247208592,11.020579770891],[-74.8208486787035,11.0206476281061],[-74.8209220672279,11.020753399489],[-74.8208990460905,11.0208242997673],[-74.8206402494713,11.0212968234185],[-74.8205479886458,11.021448759433],[-74.8205387810444,11.0214488235692],[-74.8204268745467,11.021377489938]]}},{"type":"Feature","properties":{"name":"Calle 98 entre 65 y 71 costado occidental","type":"ciclorruta_anden","source":"official","official_objectid":55,"official_tipo":"Ciclorruta en Andén","official_nombre":"Calle 98 entre 65 y 71 costado occidental","official_shape_length_m":239.80743352116363,"official_global_id":"0a2bb261-a3a3-449c-ab85-9b874fe75305","length_m":240.5},"geometry":{"type":"LineString","coordinates":[[-74.8204201108477,11.0213917376502],[-74.8205315410562,11.0214563143955],[-74.8205459303276,11.0214587858491],[-74.8205636606886,11.0214435449312],[-74.820580800597,11.0214172598902],[-74.8209091796482,11.0208176705546],[-74.8209419279792,11.0207823762822],[-74.8209847124021,11.0207941992693],[-74.8210601993611,11.0208359357082],[-74.821072032411,11.0208491100406],[-74.8212010520805,11.0208252888364],[-74.8212234388059,11.0208235073783],[-74.8212498749926,11.0208186641995],[-74.8212684620281,11.0208013573885],[-74.8213702806926,11.0207030472585],[-74.8214538333945,11.0205775941946],[-74.8214381034607,11.0204566784301],[-74.8214124341142,11.0203788592338],[-74.8213958684254,11.020321526905],[-74.8214050739364,11.020237241994],[-74.8214242684159,11.020168552227],[-74.821460233674,11.0201084505988],[-74.8215006890778,11.0200582689323],[-74.8215348591145,11.0200258629063]]}},{"type":"Feature","properties":{"name":"Simon 1 (Calle 19 entre Carreras 38D y 7 -costado ori)","type":"ciclorruta_anden","source":"official","official_objectid":56,"official_tipo":"Ciclorruta en Andén","official_nombre":"Simon 1 (Calle 19 entre Carreras 38D y 7 -costado ori)","official_shape_length_m":1263.8584869205094,"official_global_id":"3b8a78b3-1da3-4f48-9c62-274e81f16e71","length_m":1268.7},"geometry":{"type":"LineString","coordinates":[[-74.7757120001097,10.9468009995948],[-74.775727000072,10.9468120001672],[-74.77573100012,10.9468060003486],[-74.7757979999045,10.9467000001821],[-74.7758970000976,10.9464409997248],[-74.7759669996163,10.9461179996662],[-74.7761540000536,10.9456609999213],[-74.7762989999704,10.9453349996357],[-74.7764859996962,10.9449300002297],[-74.7765899995677,10.9449119998662],[-74.7766169999922,10.9449059998118],[-74.7766440000704,10.9448940000455],[-74.7766650004142,10.9448719997318],[-74.7766830004336,10.9448450000493],[-74.7766979998433,10.9448160004025],[-74.7769449998765,10.9442720004081],[-74.7771489996887,10.9437880000424],[-74.7771479997288,10.9437630000757],[-74.7771160004555,10.943719999676],[-74.7771020001584,10.9436960003639],[-74.777067999923,10.9436470003117],[-74.7771860003579,10.9432790002731],[-74.7774159998264,10.9427170000121],[-74.7774569998461,10.9426279996946],[-74.7775859998551,10.9426049996913],[-74.7776150004253,10.9425950002925],[-74.7776399995486,10.9425739995969],[-74.777660999974,10.9425420003112],[-74.7776789999247,10.9425099997669],[-74.777853000123,10.9419800001018],[-74.7779570000834,10.9417210002887],[-74.7780589998549,10.941478999843],[-74.7782589997438,10.941100999603],[-74.7784240000074,10.9407739998056],[-74.7784129995638,10.9407469996847],[-74.7783940000966,10.9407230001439],[-74.7783379997035,10.9406579996383],[-74.7784799996593,10.940259000021],[-74.778508999839,10.9401960002519],[-74.7786550002765,10.9401390001601],[-74.7786760004044,10.9401209998383],[-74.7786919996292,10.9400980002372],[-74.7789010001403,10.939691999929],[-74.7791340001289,10.9391550002955],[-74.7794159995711,10.9385130001566],[-74.7794309995988,10.938473999676],[-74.7795130003618,10.9382579998236],[-74.7795030002891,10.9382319999524],[-74.7794260002097,10.9381219998765],[-74.7794280003944,10.9380669999019],[-74.7794400001145,10.9380370000022],[-74.7794519996999,10.9380049995966],[-74.7794660002625,10.9379720002165],[-74.7794819999676,10.937938000058],[-74.7796529995626,10.9375769999316],[-74.779788000371,10.937554999606],[-74.7798110003039,10.9375289998306],[-74.7798300001079,10.9374980002996],[-74.7799980003419,10.9369990000294],[-74.7800850002979,10.9367880002192],[-74.7800860003844,10.9367850003251],[-74.7800840003162,10.9367789997904]]}},{"type":"Feature","properties":{"name":"Símon2 (Calle 19 (Calle 35/39, Soledad) entre carreras 7 y 38d)-costado occ","type":"ciclorruta_anden","source":"official","official_objectid":57,"official_tipo":"Ciclorruta en Andén","official_nombre":"Símon2 (Calle 19 (Calle 35/39, Soledad) entre carreras 7 y 38d)-costado occ","official_shape_length_m":1256.1327563640714,"official_global_id":"f5640d5d-0fb7-44e8-a8ec-47e604a874b9","length_m":1261.0},"geometry":{"type":"LineString","coordinates":[[-74.7800660001299,10.9367990001301],[-74.7800790002606,10.9367859999488],[-74.780062999878,10.9367470002057],[-74.7800500001514,10.9367660000948],[-74.7800430001909,10.9367830001477],[-74.7800350000068,10.9368009995889],[-74.7799569995855,10.9371850003013],[-74.7798729998425,10.9373890000033],[-74.7797529996272,10.9374150003465],[-74.779729000248,10.9374330003911],[-74.7797069998812,10.9374549995637],[-74.7796889998957,10.9374789999915],[-74.7796700002042,10.9375049996057],[-74.7794069999254,10.9380490002013],[-74.7794109996623,10.9380760001022],[-74.7794270000419,10.9381009999519],[-74.7794430002941,10.938124000199],[-74.7794590000241,10.9381459997413],[-74.779468000298,10.9382980003313],[-74.7792970003613,10.9387609999583],[-74.7791440001151,10.9391090000468],[-74.7789249999242,10.9396339997639],[-74.7787830001797,10.9399440000906],[-74.7787609995782,10.9399589996965],[-74.7787079999447,10.9399770002513],[-74.7786769998567,10.9399850002057],[-74.7786470003969,10.9399910000665],[-74.7786189995638,10.9400019997664],[-74.7785909996286,10.9400199998765],[-74.7785709997228,10.9400440003189],[-74.778552999876,10.9400740004002],[-74.778536000387,10.9401049997939],[-74.7783020000888,10.9406110002785],[-74.7783170001639,10.9406349999615],[-74.778399999714,10.9407609996068],[-74.7783919998199,10.9407939996425],[-74.778257000309,10.9410610003988],[-74.7782280001373,10.9410820003713],[-74.7782019996235,10.9411050002942],[-74.7781789998056,10.941131999768],[-74.7781609995882,10.9411650001381],[-74.7781459998196,10.9411979999531],[-74.7780520001655,10.9414369998472],[-74.7779640002683,10.9416370000477],[-74.777822999743,10.9419670000608],[-74.7778260003566,10.941991999958],[-74.7777269997578,10.9423540003203],[-74.7777059996604,10.9423759997909],[-74.7776829996511,10.942386999706],[-74.7776579998192,10.9423960000817],[-74.7775669996812,10.9424260002118],[-74.7775479995462,10.9424450002052],[-74.7775319997172,10.942468999558],[-74.777267000438,10.9429870002481],[-74.7770289998149,10.9435719997039],[-74.7770320001768,10.9436089999346],[-74.7770449996501,10.9436400001506],[-74.777120999642,10.9437339999018],[-74.7769949999182,10.9441139995834],[-74.7768860001462,10.9443750002371],[-74.7768679995572,10.9444150000564],[-74.7768490000221,10.9444550003545],[-74.7767299995757,10.9446840003997],[-74.7766969998012,10.9447020000604],[-74.7766609995866,10.9447129998442],[-74.7766260001971,10.9447169996289],[-74.7765920002109,10.9447290000503],[-74.7765650000897,10.944748000227],[-74.776544000374,10.9447729999358],[-74.776524000343,10.9448029999762],[-74.7765050003946,10.9448369996426],[-74.7762450004436,10.9453639999228],[-74.7761199997991,10.9456460002436],[-74.7758699997094,10.9462189998698],[-74.7758039997804,10.9465300003826],[-74.7757610003426,10.9466340002984],[-74.7757720000682,10.946655999694],[-74.7757689999655,10.9466799999741]]}},{"type":"Feature","properties":{"name":"Carrera 54 entre Calles 54 y 55","type":"ciclorruta_anden","source":"official","official_objectid":58,"official_tipo":"Ciclorruta en Andén","official_nombre":"Carrera 54 entre Calles 54 y 55","official_shape_length_m":100.52638214148777,"official_global_id":"0ab63247-3e05-4653-b19e-f04287fdccda","length_m":100.4},"geometry":{"type":"LineString","coordinates":[[-74.7912110379326,10.9928759488007],[-74.7902927175848,10.9928254344469]]}},{"type":"Feature","properties":{"name":"Carrera 71 entre Calle 98 y 96","type":"ciclorruta_anden","source":"official","official_objectid":59,"official_tipo":"Ciclorruta en Andén","official_nombre":"Carrera 71 entre Calle 98 y 96","official_shape_length_m":122.25388676330536,"official_global_id":"f70b808b-b532-467f-b58a-72615081c93d","length_m":122.3},"geometry":{"type":"LineString","coordinates":[[-74.8204185359217,11.021381086452],[-74.8203905587108,11.021363654173],[-74.8198413396664,11.0210688311375],[-74.8194336654661,11.0208572687934]]}},{"type":"Feature","properties":{"name":"Parque Electroficadora (Carreras 64 y 59B y Calles 86 y 85)","type":"ciclorruta_anden","source":"official","official_objectid":60,"official_tipo":"Ciclorruta en Andén","official_nombre":"Parque Electroficadora (Carreras 64 y 59B y Calles 86 y 85)","official_shape_length_m":646.882761387858,"official_global_id":"ef2cc196-98c3-4c1f-a070-26c80f7c9168","length_m":647.7},"geometry":{"type":"LineString","coordinates":[[-74.8150598002917,11.0141267002166],[-74.8144729997409,11.0148230004327],[-74.8126799997211,11.0137353003981],[-74.8131500000736,11.0129841001649],[-74.814857900118,11.0140196004467]]}},{"type":"Feature","properties":{"name":"Corredor Homcenter Tramo 3 (Calle 99B entre Carreras 57 y 55)","type":"ciclorruta_anden","source":"official","official_objectid":61,"official_tipo":"Ciclorruta en Andén","official_nombre":"Corredor Homcenter Tramo 3 (Calle 99B entre Carreras 57 y 55)","official_shape_length_m":125.59775105785523,"official_global_id":"36a962c0-5840-417c-a45d-982b33a57f25","length_m":125.9},"geometry":{"type":"LineString","coordinates":[[-74.8286530194592,11.0174624101912],[-74.8289002670218,11.0172079881151],[-74.8290713357767,11.0170161588749],[-74.8292000512438,11.0168745439691],[-74.8292947816544,11.0167422327503],[-74.8293285091528,11.016688462699],[-74.8293464369273,11.0166474758902],[-74.829349810853,11.0166158875057],[-74.829338718357,11.0165827186711]]}},{"type":"Feature","properties":{"name":"Tramo Homecenter costado norte (Carrera 55 entre Carrera 57 y Calle 99B)","type":"ciclorruta_anden","source":"official","official_objectid":62,"official_tipo":"Ciclorruta en Andén","official_nombre":"Tramo Homecenter costado norte (Carrera 55 entre Carrera 57 y Calle 99B)","official_shape_length_m":93.21319114896488,"official_global_id":"bad0bba7-e10f-4391-ad74-bbf6ced6291e","length_m":93.2},"geometry":{"type":"LineString","coordinates":[[-74.8293442315389,11.0165864564683],[-74.829275363089,11.0165880851743],[-74.82919527425,11.016578974527],[-74.8290759754605,11.0165505184808],[-74.8288843190209,11.0164763002199],[-74.828822248993,11.0164425750796],[-74.8286896914098,11.0163810475836],[-74.8285483428275,11.0163123868955]]}},{"type":"Feature","properties":{"name":"Discontínuo paralela homecenter (Carrera 55 entre Calles 100 y 99B)","type":"ciclorruta_anden","source":"official","official_objectid":63,"official_tipo":"Ciclorruta en Andén","official_nombre":"Discontínuo paralela homecenter (Carrera 55 entre Calles 100 y 99B)","official_shape_length_m":100.46195867787435,"official_global_id":"aece29c7-250d-4b6e-a6cd-d292989ce0df","length_m":100.4},"geometry":{"type":"LineString","coordinates":[[-74.8304635450716,11.0165567278397],[-74.8304396567471,11.0165478685897],[-74.8304083379876,11.0165412614699],[-74.8303480307534,11.0165279646026],[-74.8302527967966,11.0165314044907],[-74.8301189194039,11.0165476255291],[-74.8298431160397,11.0165824991636],[-74.8297027344743,11.0165993101634],[-74.8296233250954,11.0166138357317],[-74.8295649478033,11.0166510728109]]}},{"type":"Feature","properties":{"name":"Carrera 47","type":"ciclobanda","source":"osm","osm_highway":"tertiary","osm_mode":"cycleway:left=lane","length_m":133},"geometry":{"type":"LineString","coordinates":[[-74.805105,10.995039],[-74.805068,10.995016],[-74.804342,10.994584],[-74.804076,10.994443],[-74.803105,10.99394],[-74.803028,10.993901]]}},{"type":"Feature","properties":{"name":"Calle 47C","type":"ciclobanda","source":"osm","osm_highway":"residential","osm_mode":"cycleway=opposite_lane","length_m":105},"geometry":{"type":"LineString","coordinates":[[-74.797245,10.963361],[-74.796914,10.96367],[-74.796707,10.963862],[-74.796386,10.964158],[-74.796284,10.964253],[-74.796249,10.964286]]}},{"type":"Feature","properties":{"name":"Carrera 14B","type":"ciclobanda","source":"osm","osm_highway":"residential","osm_mode":"cycleway=opposite_lane","length_m":32},"geometry":{"type":"LineString","coordinates":[[-74.803692,10.958957],[-74.803667,10.959248]]}},{"type":"Feature","properties":{"name":"Carrera 50","type":"ciclobanda","source":"osm","osm_highway":"residential","osm_mode":"cycleway:left=lane","length_m":168},"geometry":{"type":"LineString","coordinates":[[-74.819876,11.004925],[-74.820789,11.005334],[-74.821521,11.005681],[-74.821608,11.005722],[-74.822279,11.006032],[-74.822923,11.006333]]}},{"type":"Feature","properties":{"name":"Carrera 50","type":"ciclobanda","source":"osm","osm_highway":"tertiary","osm_mode":"cycleway:left=lane","length_m":325},"geometry":{"type":"LineString","coordinates":[[-74.803839,10.997359],[-74.803868,10.997384],[-74.80412,10.997611],[-74.804244,10.997754],[-74.804385,10.997944],[-74.80499,10.998754],[-74.805007,10.998777],[-74.805029,10.998807],[-74.805051,10.998835],[-74.806073,11.000201],[-74.806085,11.000217],[-74.806113,11.000252]]}},{"type":"Feature","properties":{"name":"Carrera 47","type":"ciclobanda","source":"osm","osm_highway":"residential","osm_mode":"cycleway:left=lane","length_m":68},"geometry":{"type":"LineString","coordinates":[[-74.809691,10.997446],[-74.809589,10.997398],[-74.808482,10.996869]]}},{"type":"Feature","properties":{"name":"Carrera 47","type":"ciclobanda","source":"osm","osm_highway":"residential","osm_mode":"cycleway:left=lane","length_m":144},"geometry":{"type":"LineString","coordinates":[[-74.807086,10.996328],[-74.807035,10.996278],[-74.806672,10.995931],[-74.805639,10.995343],[-74.805481,10.995252],[-74.80521,10.995098],[-74.805181,10.995081]]}},{"type":"Feature","properties":{"name":"Calle 47","type":"carril_ciclo_preferente","source":"osm","osm_highway":"residential","osm_mode":"cycleway:left=shared_lane","length_m":428},"geometry":{"type":"LineString","coordinates":[[-74.789197,10.976283],[-74.789117,10.976573],[-74.788925,10.977298],[-74.788835,10.977636],[-74.788631,10.978419],[-74.788613,10.978485],[-74.788378,10.979345],[-74.788274,10.979759],[-74.788179,10.98009],[-74.788169,10.980125]]}},{"type":"Feature","properties":{"name":"Carrera 20","type":"carril_ciclo_preferente","source":"osm","osm_highway":"tertiary","osm_mode":"cycleway:right=shared_lane","length_m":76},"geometry":{"type":"LineString","coordinates":[[-74.797245,10.962832],[-74.797124,10.962621],[-74.796971,10.962392],[-74.796815,10.962181],[-74.79679,10.962153]]}},{"type":"Feature","properties":{"name":"Calle 38C","type":"ciclobanda","source":"osm","osm_highway":"residential","osm_mode":"cycleway=opposite","length_m":126},"geometry":{"type":"LineString","coordinates":[[-74.791011,10.956918],[-74.791169,10.95661],[-74.791288,10.95642],[-74.791492,10.956228],[-74.792019,10.955896],[-74.792157,10.955809]]}},{"type":"Feature","properties":{"name":"Calle 40","type":"ciclobanda","source":"osm","osm_highway":"tertiary","osm_mode":"cycleway:left=lane","length_m":202},"geometry":{"type":"LineString","coordinates":[[-74.794164,10.952511],[-74.794289,10.952188],[-74.79434,10.952052],[-74.794443,10.951786],[-74.794616,10.951333],[-74.794676,10.951176],[-74.794809,10.950985],[-74.794891,10.950867],[-74.79505,10.950708]]}},{"type":"Feature","properties":{"name":"Calle 40","type":"ciclobanda","source":"osm","osm_highway":"tertiary","osm_mode":"cycleway:left=lane","length_m":208},"geometry":{"type":"LineString","coordinates":[[-74.795008,10.950605],[-74.794711,10.950911],[-74.79457,10.951149],[-74.794509,10.951307],[-74.794335,10.951755],[-74.794238,10.95201],[-74.794063,10.952466]]}},{"type":"Feature","properties":{"name":"Carrera 19B","type":"ciclobanda","source":"osm","osm_highway":"tertiary","osm_mode":"cycleway=opposite","length_m":40},"geometry":{"type":"LineString","coordinates":[[-74.790088,10.957425],[-74.790748,10.957199],[-74.79093,10.957099]]}},{"type":"Feature","properties":{"name":"Carrera 19","type":"carril_ciclo_preferente","source":"osm","osm_highway":"tertiary","osm_mode":"cycleway=shared_lane","length_m":389},"geometry":{"type":"LineString","coordinates":[[-74.786552,10.955198],[-74.786621,10.95522],[-74.787392,10.955492],[-74.787952,10.955713],[-74.788353,10.955871],[-74.788439,10.955905],[-74.788492,10.955926],[-74.788981,10.956118],[-74.789524,10.956332],[-74.790193,10.956579],[-74.790411,10.956678],[-74.790565,10.956742],[-74.791011,10.956918],[-74.791565,10.957137],[-74.792146,10.957366],[-74.792672,10.957573],[-74.793269,10.957809],[-74.79401,10.958101],[-74.794663,10.958372],[-74.7947,10.958389]]}},{"type":"Feature","properties":{"name":"Carrera 47","type":"ciclobanda","source":"osm","osm_highway":"tertiary","osm_mode":"cycleway:left=lane","length_m":5},"geometry":{"type":"LineString","coordinates":[[-74.805181,10.995081],[-74.805105,10.995039]]}},{"type":"Feature","properties":{"name":"Carrera 50","type":"ciclobanda","source":"osm","osm_highway":"tertiary","osm_mode":"cycleway:left=lane","length_m":7},"geometry":{"type":"LineString","coordinates":[[-74.803761,10.997294],[-74.803839,10.997359]]}},{"type":"Feature","properties":{"name":"Carrera 50","type":"ciclobanda","source":"osm","osm_highway":"tertiary","osm_mode":"cycleway:left=lane","length_m":171},"geometry":{"type":"LineString","coordinates":[[-74.798833,10.994583],[-74.799613,10.995034],[-74.799758,10.995117],[-74.799919,10.995199],[-74.800318,10.9954],[-74.800606,10.99552],[-74.801077,10.995707],[-74.801799,10.996009],[-74.801848,10.996029]]}},{"type":"Feature","properties":{"name":"Calle 38C","type":"ciclobanda","source":"osm","osm_highway":"tertiary","osm_mode":"cycleway=opposite","length_m":20},"geometry":{"type":"LineString","coordinates":[[-74.79093,10.957099],[-74.791011,10.956918]]}},{"type":"Feature","properties":{"name":"Carrera 50","type":"ciclobanda","source":"osm","osm_highway":"tertiary","osm_mode":"cycleway:right=lane","length_m":57},"geometry":{"type":"LineString","coordinates":[[-74.778542,10.987724],[-74.778712,10.987822],[-74.778855,10.987993],[-74.779051,10.988228]]}},{"type":"Feature","properties":{"name":"Calle 45A","type":"carril_ciclo_preferente","source":"osm","osm_highway":"residential","osm_mode":"cycleway=shared_lane","length_m":228},"geometry":{"type":"LineString","coordinates":[[-74.788341,10.921259],[-74.787902,10.921904],[-74.787424,10.922601],[-74.786922,10.923291]]}},{"type":"Feature","properties":{"name":"Carrera 50","type":"ciclobanda","source":"osm","osm_highway":"tertiary","osm_mode":"cycleway:left=lane","length_m":309},"geometry":{"type":"LineString","coordinates":[[-74.791257,10.990764],[-74.79145,10.990807],[-74.791618,10.990851],[-74.791955,10.990944],[-74.792146,10.991007],[-74.792921,10.991273],[-74.793103,10.991362],[-74.793276,10.991457],[-74.793745,10.991711],[-74.794091,10.991909],[-74.794819,10.992497],[-74.795337,10.992856],[-74.795462,10.992937],[-74.79563,10.99305],[-74.795661,10.993065],[-74.796301,10.993377]]}},{"type":"Feature","properties":{"name":"","type":"ciclorruta_calzada","source":"osm","osm_highway":"cycleway","osm_mode":"","length_m":524},"geometry":{"type":"LineString","coordinates":[[-74.948302,10.989456],[-74.948959,10.989819],[-74.949255,10.990097],[-74.949508,10.990376],[-74.949692,10.990597],[-74.949733,10.990779],[-74.949857,10.991153],[-74.950014,10.991387],[-74.950192,10.991533],[-74.950229,10.991563],[-74.950384,10.991608],[-74.950549,10.991626],[-74.950877,10.99156],[-74.951245,10.991504],[-74.951914,10.991491],[-74.952481,10.991657],[-74.952696,10.991785],[-74.953186,10.992147],[-74.953259,10.992248],[-74.95338,10.992532],[-74.953284,10.9929],[-74.95337,10.993216],[-74.953606,10.993374],[-74.954067,10.993417],[-74.955016,10.993449]]}},{"type":"Feature","properties":{"name":"Carrera 50","type":"ciclobanda","source":"osm","osm_highway":"tertiary","osm_mode":"cycleway:left=lane","length_m":43},"geometry":{"type":"LineString","coordinates":[[-74.787549,10.990504],[-74.787674,10.99053],[-74.787854,10.99056],[-74.788038,10.990595],[-74.789014,10.990754],[-74.789147,10.990777]]}},{"type":"Feature","properties":{"name":"Carrera 50","type":"ciclobanda","source":"osm","osm_highway":"tertiary","osm_mode":"cycleway:right=lane","length_m":50},"geometry":{"type":"LineString","coordinates":[[-74.78049,10.988837],[-74.780587,10.988862],[-74.781274,10.989035],[-74.781363,10.989057],[-74.781415,10.989069],[-74.781927,10.989187],[-74.782005,10.989205]]}},{"type":"Feature","properties":{"name":"Carrera 50","type":"ciclobanda","source":"osm","osm_highway":"residential","osm_mode":"cycleway:left=lane","length_m":104},"geometry":{"type":"LineString","coordinates":[[-74.817974,11.004052],[-74.818382,11.004241],[-74.818605,11.004346],[-74.819148,11.004601],[-74.819876,11.004925]]}},{"type":"Feature","properties":{"name":"Calle 47","type":"carril_ciclo_preferente","source":"osm","osm_highway":"residential","osm_mode":"cycleway:left=shared_lane","length_m":477},"geometry":{"type":"LineString","coordinates":[[-74.791333,10.970123],[-74.790921,10.971262],[-74.790535,10.97237],[-74.790085,10.973618],[-74.789803,10.9744]]}},{"type":"Feature","properties":{"name":"Carrera 47","type":"ciclobanda","source":"osm","osm_highway":"tertiary","osm_mode":"cycleway:left=lane","length_m":208},"geometry":{"type":"LineString","coordinates":[[-74.797373,10.992217],[-74.796709,10.992032],[-74.79598,10.991829],[-74.795264,10.99163],[-74.794603,10.991445],[-74.794589,10.991441],[-74.794565,10.991435],[-74.794528,10.991424],[-74.793874,10.991242],[-74.793176,10.991048],[-74.792995,10.990997],[-74.79221,10.990779],[-74.792017,10.990725],[-74.791749,10.99065],[-74.79167,10.990635]]}},{"type":"Feature","properties":{"name":"Carrera 50","type":"ciclobanda","source":"osm","osm_highway":"tertiary","osm_mode":"cycleway:left=lane","length_m":14},"geometry":{"type":"LineString","coordinates":[[-74.790603,10.990732],[-74.790721,10.990727],[-74.790774,10.990727],[-74.791045,10.990738],[-74.791257,10.990764]]}},{"type":"Feature","properties":{"name":"Carrera 50","type":"ciclobanda","source":"osm","osm_highway":"tertiary","osm_mode":"cycleway:right=lane","length_m":24},"geometry":{"type":"LineString","coordinates":[[-74.784463,10.98993],[-74.784607,10.989958],[-74.785371,10.990078]]}},{"type":"Feature","properties":{"name":"Carrera 50","type":"ciclobanda","source":"osm","osm_highway":"tertiary","osm_mode":"cycleway:right=lane","length_m":4},"geometry":{"type":"LineString","coordinates":[[-74.783921,10.989742],[-74.783989,10.989776]]}},{"type":"Feature","properties":{"name":"Carrera 50","type":"ciclobanda","source":"osm","osm_highway":"tertiary","osm_mode":"cycleway:right=lane","length_m":23},"geometry":{"type":"LineString","coordinates":[[-74.779879,10.988665],[-74.779958,10.988687],[-74.780409,10.988814],[-74.78049,10.988837]]}},{"type":"Feature","properties":{"name":"Carrera 50","type":"ciclobanda","source":"osm","osm_highway":"tertiary","osm_mode":"cycleway:right=lane","length_m":17},"geometry":{"type":"LineString","coordinates":[[-74.779407,10.988531],[-74.779816,10.988647],[-74.779879,10.988665]]}},{"type":"Feature","properties":{"name":"Carrera 50","type":"ciclobanda","source":"osm","osm_highway":"tertiary","osm_mode":"cycleway:right=lane","length_m":35},"geometry":{"type":"LineString","coordinates":[[-74.779051,10.988228],[-74.779207,10.988409],[-74.7793,10.988481],[-74.779314,10.988493],[-74.7794,10.988528],[-74.779407,10.988531]]}},{"type":"Feature","properties":{"name":"Carrera 50","type":"ciclobanda","source":"osm","osm_highway":"tertiary","osm_mode":"cycleway:right=lane","length_m":33},"geometry":{"type":"LineString","coordinates":[[-74.783217,10.989481],[-74.78329,10.989497],[-74.7836,10.989574],[-74.783714,10.989604],[-74.78381,10.989658],[-74.783877,10.989712],[-74.783921,10.989742]]}},{"type":"Feature","properties":{"name":"Carrera 50","type":"ciclobanda","source":"osm","osm_highway":"tertiary","osm_mode":"cycleway:right=lane","length_m":21},"geometry":{"type":"LineString","coordinates":[[-74.782005,10.989205],[-74.782063,10.989217],[-74.782626,10.989329],[-74.782706,10.989344]]}},{"type":"Feature","properties":{"name":"Carrera 50","type":"ciclobanda","source":"osm","osm_highway":"tertiary","osm_mode":"cycleway:right=lane","length_m":12},"geometry":{"type":"LineString","coordinates":[[-74.777683,10.987766],[-74.777781,10.987721],[-74.777811,10.987702],[-74.777878,10.987663]]}},{"type":"Feature","properties":{"name":"Carrera 50","type":"ciclobanda","source":"osm","osm_highway":"tertiary","osm_mode":"cycleway:right=lane","length_m":13},"geometry":{"type":"LineString","coordinates":[[-74.777988,10.987522],[-74.777594,10.987433]]}},{"type":"Feature","properties":{"name":"Carrera 50","type":"ciclobanda","source":"osm","osm_highway":"tertiary","osm_mode":"cycleway:left=lane","length_m":17},"geometry":{"type":"LineString","coordinates":[[-74.789147,10.990777],[-74.789287,10.990778],[-74.78958,10.990774],[-74.789812,10.990742],[-74.78993,10.990726]]}},{"type":"Feature","properties":{"name":"Carrera 50","type":"ciclobanda","source":"osm","osm_highway":"tertiary","osm_mode":"cycleway:left=lane","length_m":13},"geometry":{"type":"LineString","coordinates":[[-74.78993,10.990726],[-74.790095,10.990718],[-74.790485,10.990729],[-74.790603,10.990732]]}},{"type":"Feature","properties":{"name":"Carrera 50","type":"ciclobanda","source":"osm","osm_highway":"tertiary","osm_mode":"cycleway:right=lane","length_m":43},"geometry":{"type":"LineString","coordinates":[[-74.789144,10.990688],[-74.789028,10.990674],[-74.78828,10.990543],[-74.788247,10.990537],[-74.788169,10.99052],[-74.787871,10.990467],[-74.787751,10.990442],[-74.787569,10.990413]]}},{"type":"Feature","properties":{"name":"","type":"ciclorruta_calzada","source":"osm","osm_highway":"cycleway","osm_mode":"","length_m":200},"geometry":{"type":"LineString","coordinates":[[-74.827308,11.014793],[-74.827308,11.014693],[-74.827314,11.014682],[-74.827353,11.014623],[-74.827361,11.01461],[-74.827375,11.014602],[-74.827384,11.014601],[-74.827396,11.014604],[-74.827406,11.014609],[-74.827411,11.014617],[-74.827414,11.014626],[-74.827414,11.014638],[-74.827402,11.014655],[-74.827308,11.014793],[-74.827144,11.015035],[-74.827038,11.015084],[-74.826863,11.015341],[-74.826834,11.015381],[-74.82682,11.015402],[-74.826718,11.01555],[-74.826703,11.015683],[-74.826551,11.015882],[-74.826441,11.016049],[-74.826435,11.016053],[-74.826429,11.016056],[-74.826416,11.016057],[-74.826405,11.016054],[-74.826396,11.016049],[-74.82639,11.016042],[-74.826386,11.016034],[-74.826385,11.016029],[-74.826385,11.016022],[-74.826442,11.015928]]}},{"type":"Feature","properties":{"name":"","type":"ciclorruta_calzada","source":"osm","osm_highway":"cycleway","osm_mode":"","length_m":74},"geometry":{"type":"LineString","coordinates":[[-74.82632,11.016178],[-74.826286,11.016233],[-74.826262,11.016267],[-74.826241,11.016291],[-74.826233,11.016329],[-74.826205,11.016383],[-74.826161,11.016418],[-74.82613,11.01644],[-74.826109,11.016458],[-74.826072,11.016521],[-74.826069,11.016582],[-74.826044,11.016638],[-74.82602,11.016669],[-74.825958,11.016719],[-74.825921,11.016768],[-74.825893,11.016841]]}},{"type":"Feature","properties":{"name":"","type":"ciclorruta_calzada","source":"osm","osm_highway":"cycleway","osm_mode":"","length_m":272},"geometry":{"type":"LineString","coordinates":[[-74.825893,11.016841],[-74.825819,11.017003],[-74.825781,11.017044],[-74.82575,11.017093],[-74.825731,11.01721],[-74.825694,11.017299],[-74.82565,11.017346],[-74.825593,11.017385],[-74.825557,11.017409],[-74.825504,11.017442],[-74.825489,11.017455],[-74.825476,11.017468],[-74.825467,11.017486],[-74.825461,11.017506],[-74.82543,11.017666],[-74.825416,11.017785],[-74.825381,11.01789],[-74.825311,11.017998],[-74.825157,11.018128],[-74.825061,11.018196],[-74.82501,11.018245],[-74.824916,11.018377],[-74.824849,11.018508],[-74.824801,11.018623],[-74.824766,11.018773],[-74.82476,11.018918],[-74.824759,11.018952],[-74.824755,11.019054],[-74.824735,11.019123],[-74.824723,11.019141],[-74.824688,11.019191],[-74.82463,11.019219],[-74.82449,11.019239],[-74.824392,11.019238]]}},{"type":"Feature","properties":{"name":"","type":"ciclorruta_calzada","source":"osm","osm_highway":"cycleway","osm_mode":"","length_m":6},"geometry":{"type":"LineString","coordinates":[[-74.826442,11.015928],[-74.826551,11.015882]]}},{"type":"Feature","properties":{"name":"","type":"ciclorruta_calzada","source":"osm","osm_highway":"cycleway","osm_mode":"","length_m":11},"geometry":{"type":"LineString","coordinates":[[-74.828629,11.012651],[-74.828644,11.012748]]}},{"type":"Feature","properties":{"name":"Ciclovía","type":"ciclorruta_calzada","source":"osm","osm_highway":"cycleway","osm_mode":"","length_m":253},"geometry":{"type":"LineString","coordinates":[[-74.810461,10.884242],[-74.809823,10.884932],[-74.809594,10.885182],[-74.809577,10.885191],[-74.809566,10.885196],[-74.809489,10.885221],[-74.809319,10.885276],[-74.809263,10.885337],[-74.809035,10.885582],[-74.80901,10.885615],[-74.808994,10.885651],[-74.808897,10.885895],[-74.808887,10.885916],[-74.808868,10.885932],[-74.808708,10.886013],[-74.808688,10.886029],[-74.808673,10.886051],[-74.80861,10.886202],[-74.808602,10.886215],[-74.808588,10.886224],[-74.808321,10.886304],[-74.808177,10.886461]]}},{"type":"Feature","properties":{"name":"Carrera 47","type":"ciclobanda","source":"osm","osm_highway":"residential","osm_mode":"cycleway:left=lane","length_m":126},"geometry":{"type":"LineString","coordinates":[[-74.818766,11.002405],[-74.816847,11.001562],[-74.816641,11.001472],[-74.816427,11.001376],[-74.816385,11.001353]]}},{"type":"Feature","properties":{"name":"Calle 47","type":"carril_ciclo_preferente","source":"osm","osm_highway":"residential","osm_mode":"cycleway:left=shared_lane","length_m":467},"geometry":{"type":"LineString","coordinates":[[-74.787734,10.981632],[-74.787611,10.982147],[-74.787511,10.982503],[-74.787352,10.983091],[-74.787313,10.983236],[-74.787261,10.983446],[-74.787033,10.984305],[-74.786916,10.984744],[-74.786885,10.98486],[-74.786869,10.984915],[-74.786643,10.985695],[-74.786626,10.985751],[-74.786608,10.985827]]}},{"type":"Feature","properties":{"name":"Carrera 50","type":"ciclobanda","source":"osm","osm_highway":"tertiary","osm_mode":"cycleway:right=lane","length_m":21},"geometry":{"type":"LineString","coordinates":[[-74.782027,10.989108],[-74.781951,10.98909],[-74.78144,10.988971],[-74.78138,10.988958]]}},{"type":"Feature","properties":{"name":"Carrera 20","type":"carril_ciclo_preferente","source":"osm","osm_highway":"tertiary","osm_mode":"cycleway=shared_lane","length_m":375},"geometry":{"type":"LineString","coordinates":[[-74.793926,10.959839],[-74.793881,10.95982],[-74.793323,10.959595],[-74.792575,10.959297],[-74.792032,10.959075],[-74.791479,10.958834],[-74.790909,10.958602],[-74.790365,10.958402],[-74.789793,10.958168],[-74.78948,10.95804],[-74.789088,10.957875],[-74.789023,10.957849],[-74.788927,10.957818],[-74.788435,10.957643],[-74.787989,10.957492],[-74.787703,10.95738],[-74.787476,10.957303],[-74.786971,10.957106],[-74.786244,10.956844],[-74.78607,10.956781],[-74.786024,10.956765]]}},{"type":"Feature","properties":{"name":"Calle 50","type":"ciclobanda","source":"osm","osm_highway":"tertiary","osm_mode":"cycleway=lane","length_m":90},"geometry":{"type":"LineString","coordinates":[[-74.788224,10.98731],[-74.788212,10.98736],[-74.788159,10.98754],[-74.788121,10.987674],[-74.788105,10.98773],[-74.788052,10.987913],[-74.788021,10.988012],[-74.787988,10.988117]]}},{"type":"Feature","properties":{"name":"Ciclovía Las Flores - Puerto Mocho","type":"ciclorruta_calzada","source":"osm","osm_highway":"cycleway","osm_mode":"","length_m":1619},"geometry":{"type":"LineString","coordinates":[[-74.830258,11.046924],[-74.830715,11.047399],[-74.831237,11.047935],[-74.831405,11.048107],[-74.832168,11.048912],[-74.832985,11.049777],[-74.833126,11.049922],[-74.834103,11.050963],[-74.834229,11.051096],[-74.835018,11.051911],[-74.835282,11.052185],[-74.836138,11.053081],[-74.836379,11.053336],[-74.836614,11.053589],[-74.836744,11.053732],[-74.837326,11.054361],[-74.837553,11.054596],[-74.837891,11.054947],[-74.838593,11.055698],[-74.838724,11.055856],[-74.838874,11.056052],[-74.839286,11.05666],[-74.839403,11.056823],[-74.839919,11.057601],[-74.840589,11.058568],[-74.840747,11.0588],[-74.841155,11.059394],[-74.841488,11.059876],[-74.841909,11.060465],[-74.842226,11.060923],[-74.842394,11.061165],[-74.842477,11.061304]]}},{"type":"Feature","properties":{"name":"","type":"ciclorruta_calzada","source":"osm","osm_highway":"cycleway","osm_mode":"","length_m":11},"geometry":{"type":"LineString","coordinates":[[-74.835561,11.006447],[-74.835507,11.006465],[-74.835381,11.006514],[-74.835325,11.006538]]}},{"type":"Feature","properties":{"name":"","type":"ciclorruta_calzada","source":"osm","osm_highway":"cycleway","osm_mode":"","length_m":22},"geometry":{"type":"LineString","coordinates":[[-74.837839,11.005211],[-74.837848,11.005197],[-74.837912,11.005099],[-74.837923,11.005083],[-74.83796,11.005014]]}},{"type":"Feature","properties":{"name":"","type":"ciclorruta_calzada","source":"osm","osm_highway":"cycleway","osm_mode":"cycleway=crossing","length_m":4},"geometry":{"type":"LineString","coordinates":[[-74.837816,11.005246],[-74.837839,11.005211]]}},{"type":"Feature","properties":{"name":"","type":"ciclorruta_calzada","source":"osm","osm_highway":"cycleway","osm_mode":"","length_m":66},"geometry":{"type":"LineString","coordinates":[[-74.837106,11.00583],[-74.83727,11.005729],[-74.837387,11.005641],[-74.837491,11.00556],[-74.837647,11.005431],[-74.837749,11.005322],[-74.837816,11.005246]]}},{"type":"Feature","properties":{"name":"","type":"ciclorruta_calzada","source":"osm","osm_highway":"cycleway","osm_mode":"cycleway=crossing","length_m":3},"geometry":{"type":"LineString","coordinates":[[-74.837067,11.005851],[-74.837106,11.00583]]}},{"type":"Feature","properties":{"name":"","type":"ciclorruta_calzada","source":"osm","osm_highway":"cycleway","osm_mode":"","length_m":32},"geometry":{"type":"LineString","coordinates":[[-74.836375,11.006117],[-74.837067,11.005851]]}},{"type":"Feature","properties":{"name":"","type":"ciclorruta_calzada","source":"osm","osm_highway":"cycleway","osm_mode":"cycleway=crossing","length_m":5},"geometry":{"type":"LineString","coordinates":[[-74.836279,11.006158],[-74.836332,11.006136],[-74.836375,11.006117]]}},{"type":"Feature","properties":{"name":"","type":"ciclorruta_calzada","source":"osm","osm_highway":"cycleway","osm_mode":"","length_m":362},"geometry":{"type":"LineString","coordinates":[[-74.838925,11.019928],[-74.838949,11.019881],[-74.838962,11.019846],[-74.838954,11.019776],[-74.838971,11.019758],[-74.839002,11.019735],[-74.839034,11.019715],[-74.839059,11.019697],[-74.839079,11.01967],[-74.839093,11.019633],[-74.839101,11.019606],[-74.839105,11.019566],[-74.839102,11.019541],[-74.839091,11.019501],[-74.83909,11.019471],[-74.839096,11.019428],[-74.839116,11.019386],[-74.839151,11.019381],[-74.839172,11.019365],[-74.839189,11.019361],[-74.839226,11.019303],[-74.839251,11.019267],[-74.839265,11.019223],[-74.839279,11.01917],[-74.83928,11.019132],[-74.839271,11.019101],[-74.839253,11.019063],[-74.839242,11.019038],[-74.839234,11.019018],[-74.839225,11.018977],[-74.839229,11.018933],[-74.839245,11.01889],[-74.839255,11.018874],[-74.839271,11.018849],[-74.839307,11.018828],[-74.839348,11.018819],[-74.839387,11.0188],[-74.83941,11.018779],[-74.839424,11.018747],[-74.83942,11.018711],[-74.839403,11.018674],[-74.839383,11.018641],[-74.839372,11.018605],[-74.839372,11.018567],[-74.839371,11.018558],[-74.839395,11.0185],[-74.839427,11.018471],[-74.839461,11.018449],[-74.839474,11.018421],[-74.83948,11.018407],[-74.839469,11.018328],[-74.839466,11.018293],[-74.839469,11.018266],[-74.839485,11.018243],[-74.839525,11.018225],[-74.839562,11.018199],[-74.839606,11.01817],[-74.839635,11.018136],[-74.839657,11.0181],[-74.839666,11.018059],[-74.839663,11.018018],[-74.839646,11.017968],[-74.839636,11.017925],[-74.839638,11.017889],[-74.839649,11.017846],[-74.839669,11.017804],[-74.839691,11.017782],[-74.839726,11.017761],[-74.839751,11.017732],[-74.839765,11.017694],[-74.839776,11.017641],[-74.839779,11.017594],[-74.839791,11.017556],[-74.839824,11.017525],[-74.839861,11.01748],[-74.839884,11.017445],[-74.8399,11.017395],[-74.839906,11.017338],[-74.839895,11.017282],[-74.839886,11.017246],[-74.839887,11.017209],[-74.839897,11.017176],[-74.839926,11.017144],[-74.839965,11.017111],[-74.839994,11.017074],[-74.840002,11.01703],[-74.839997,11.016997],[-74.839989,11.016986],[-74.839991,11.016948],[-74.839994,11.016905],[-74.840003,11.016854],[-74.840003,11.016816],[-74.839991,11.016793],[-74.839986,11.016758],[-74.84,11.016728],[-74.839999,11.016705]]}},{"type":"Feature","properties":{"name":"Carrera 50","type":"ciclobanda","source":"osm","osm_highway":"tertiary","osm_mode":"cycleway:right=lane","length_m":6},"geometry":{"type":"LineString","coordinates":[[-74.777878,10.987663],[-74.777956,10.987635],[-74.778065,10.987629]]}},{"type":"Feature","properties":{"name":"Carrera 50","type":"ciclobanda","source":"osm","osm_highway":"tertiary","osm_mode":"cycleway:right=lane","length_m":34},"geometry":{"type":"LineString","coordinates":[[-74.78395,10.989666],[-74.783904,10.98964],[-74.783844,10.989599],[-74.783741,10.98954],[-74.783622,10.989498],[-74.783313,10.989414],[-74.78324,10.989395]]}},{"type":"Feature","properties":{"name":"Carrera 50","type":"ciclobanda","source":"osm","osm_highway":"tertiary","osm_mode":"cycleway:right=lane","length_m":5},"geometry":{"type":"LineString","coordinates":[[-74.784017,10.989707],[-74.78395,10.989666]]}},{"type":"Feature","properties":{"name":"Carrera 47","type":"ciclobanda","source":"osm","osm_highway":"tertiary","osm_mode":"cycleway:left=lane","length_m":28},"geometry":{"type":"LineString","coordinates":[[-74.798141,10.992428],[-74.797373,10.992217]]}},{"type":"Feature","properties":{"name":"Carrera 47","type":"ciclobanda","source":"osm","osm_highway":"tertiary","osm_mode":"cycleway:left=lane","length_m":97},"geometry":{"type":"LineString","coordinates":[[-74.800898,10.993155],[-74.800868,10.993147],[-74.800258,10.992986],[-74.799524,10.992793],[-74.798799,10.992602],[-74.798141,10.992428]]}},{"type":"Feature","properties":{"name":"Carrera 50","type":"ciclobanda","source":"osm","osm_highway":"tertiary","osm_mode":"cycleway:left=lane","length_m":28},"geometry":{"type":"LineString","coordinates":[[-74.79831,10.994346],[-74.798833,10.994583]]}},{"type":"Feature","properties":{"name":"Carrera 50","type":"ciclobanda","source":"osm","osm_highway":"tertiary","osm_mode":"cycleway:left=lane","length_m":32},"geometry":{"type":"LineString","coordinates":[[-74.797686,10.994077],[-74.79831,10.994346]]}},{"type":"Feature","properties":{"name":"Carrera 47","type":"ciclobanda","source":"osm","osm_highway":"residential","osm_mode":"cycleway:left=lane","length_m":20},"geometry":{"type":"LineString","coordinates":[[-74.820753,11.00306],[-74.820624,11.003039],[-74.820181,11.002953],[-74.820057,11.002929]]}},{"type":"Feature","properties":{"name":"Carrera 47","type":"ciclobanda","source":"osm","osm_highway":"residential","osm_mode":"cycleway:left=lane","length_m":18},"geometry":{"type":"LineString","coordinates":[[-74.822727,11.003165],[-74.822693,11.003164],[-74.822525,11.003158],[-74.822104,11.003145],[-74.821821,11.003135]]}},{"type":"Feature","properties":{"name":"Carrera 47","type":"ciclobanda","source":"osm","osm_highway":"residential","osm_mode":"cycleway:left=lane","length_m":371},"geometry":{"type":"LineString","coordinates":[[-74.815152,11.000637],[-74.813845,10.999879],[-74.811966,10.998791],[-74.811733,10.998657],[-74.811694,10.998635],[-74.811651,10.99861],[-74.809691,10.997446]]}},{"type":"Feature","properties":{"name":"Carrera 47","type":"ciclobanda","source":"osm","osm_highway":"residential","osm_mode":"cycleway:left=lane","length_m":83},"geometry":{"type":"LineString","coordinates":[[-74.816385,11.001353],[-74.816336,11.001329],[-74.815152,11.000637]]}},{"type":"Feature","properties":{"name":"Calle 47","type":"carril_ciclo_preferente","source":"osm","osm_highway":"residential","osm_mode":"cycleway:left=shared_lane","length_m":358},"geometry":{"type":"LineString","coordinates":[[-74.793394,10.965182],[-74.792885,10.96638],[-74.792554,10.967186],[-74.792519,10.967272],[-74.792297,10.967845],[-74.79209,10.96839]]}},{"type":"Feature","properties":{"name":"Calle 47","type":"carril_ciclo_preferente","source":"osm","osm_highway":"residential","osm_mode":"cycleway:left=shared_lane","length_m":194},"geometry":{"type":"LineString","coordinates":[[-74.79209,10.96839],[-74.791436,10.969889],[-74.791333,10.970123]]}},{"type":"Feature","properties":{"name":"Carrera 47","type":"ciclobanda","source":"osm","osm_highway":"residential","osm_mode":"cycleway:left=lane","length_m":12},"geometry":{"type":"LineString","coordinates":[[-74.823677,11.003112],[-74.82341,11.003142],[-74.823136,11.003151]]}},{"type":"Feature","properties":{"name":"Calle 47B","type":"ciclobanda","source":"osm","osm_highway":"residential","osm_mode":"cycleway=opposite_lane","length_m":120},"geometry":{"type":"LineString","coordinates":[[-74.803667,10.959248],[-74.803419,10.959391],[-74.803189,10.959537],[-74.802973,10.959672],[-74.802756,10.959808],[-74.802533,10.959949],[-74.802312,10.960088],[-74.802001,10.960284]]}},{"type":"Feature","properties":{"name":"Calle 37","type":"ciclobanda","source":"osm","osm_highway":"tertiary","osm_mode":"cycleway=opposite","length_m":258},"geometry":{"type":"LineString","coordinates":[[-74.788204,10.959712],[-74.788249,10.959658],[-74.788294,10.959582],[-74.788518,10.959226],[-74.78876,10.958987],[-74.78905,10.95871],[-74.789282,10.958426],[-74.78948,10.95804],[-74.789598,10.957847],[-74.789694,10.957721],[-74.789778,10.957627],[-74.789846,10.957563],[-74.789915,10.957515],[-74.789997,10.957457],[-74.790088,10.957425]]}},{"type":"Feature","properties":{"name":"Carrera 50","type":"ciclobanda","source":"osm","osm_highway":"tertiary","osm_mode":"cycleway:right=lane","length_m":8},"geometry":{"type":"LineString","coordinates":[[-74.78956,10.990689],[-74.789292,10.990692],[-74.789144,10.990688]]}},{"type":"Feature","properties":{"name":"Carrera 50","type":"ciclobanda","source":"osm","osm_highway":"tertiary","osm_mode":"cycleway:right=lane","length_m":37},"geometry":{"type":"LineString","coordinates":[[-74.791361,10.990646],[-74.791111,10.990645],[-74.79074,10.990645],[-74.79063,10.99064],[-74.790507,10.99064],[-74.790047,10.99063],[-74.789939,10.990633],[-74.789812,10.990651],[-74.78956,10.990689]]}},{"type":"Feature","properties":{"name":"Carrera 50","type":"ciclobanda","source":"osm","osm_highway":"tertiary","osm_mode":"cycleway:left=lane","length_m":17},"geometry":{"type":"LineString","coordinates":[[-74.785517,10.990101],[-74.785838,10.990182],[-74.785983,10.990228]]}},{"type":"Feature","properties":{"name":"Carrera 50","type":"ciclobanda","source":"osm","osm_highway":"tertiary","osm_mode":"cycleway:right=lane","length_m":20},"geometry":{"type":"LineString","coordinates":[[-74.784496,10.989861],[-74.784399,10.98984],[-74.784243,10.9898],[-74.784064,10.989728],[-74.784017,10.989707]]}},{"type":"Feature","properties":{"name":"Carrera 50","type":"ciclobanda","source":"osm","osm_highway":"tertiary","osm_mode":"cycleway:right=lane","length_m":20},"geometry":{"type":"LineString","coordinates":[[-74.783989,10.989776],[-74.784037,10.989796],[-74.784217,10.989862],[-74.784377,10.989907],[-74.784463,10.98993]]}},{"type":"Feature","properties":{"name":"Carrera 50","type":"ciclobanda","source":"osm","osm_highway":"tertiary","osm_mode":"cycleway:right=lane","length_m":18},"geometry":{"type":"LineString","coordinates":[[-74.78324,10.989395],[-74.783167,10.989373],[-74.782821,10.98928],[-74.782729,10.989255]]}},{"type":"Feature","properties":{"name":"Carrera 50","type":"ciclobanda","source":"osm","osm_highway":"tertiary","osm_mode":"cycleway:right=lane","length_m":18},"geometry":{"type":"LineString","coordinates":[[-74.782706,10.989344],[-74.782797,10.989369],[-74.78315,10.989463],[-74.783217,10.989481]]}},{"type":"Feature","properties":{"name":"Carrera 50","type":"ciclobanda","source":"osm","osm_highway":"tertiary","osm_mode":"cycleway:right=lane","length_m":21},"geometry":{"type":"LineString","coordinates":[[-74.782729,10.989255],[-74.782645,10.989237],[-74.782086,10.98912],[-74.782027,10.989108]]}},{"type":"Feature","properties":{"name":"Carrera 50","type":"ciclobanda","source":"osm","osm_highway":"tertiary","osm_mode":"cycleway:right=lane","length_m":14},"geometry":{"type":"LineString","coordinates":[[-74.778065,10.987629],[-74.778492,10.987714],[-74.778542,10.987724]]}},{"type":"Feature","properties":{"name":"Carrera 50","type":"ciclobanda","source":"osm","osm_highway":"tertiary","osm_mode":"cycleway:left=lane","length_m":9},"geometry":{"type":"LineString","coordinates":[[-74.787211,10.99045],[-74.787426,10.990484],[-74.787549,10.990504]]}},{"type":"Feature","properties":{"name":"Carrera 50","type":"ciclobanda","source":"osm","osm_highway":"tertiary","osm_mode":"cycleway:left=lane","length_m":23},"geometry":{"type":"LineString","coordinates":[[-74.78634,10.990307],[-74.787211,10.99045]]}},{"type":"Feature","properties":{"name":"Carrera 50","type":"ciclobanda","source":"osm","osm_highway":"tertiary","osm_mode":"cycleway:left=lane","length_m":11},"geometry":{"type":"LineString","coordinates":[[-74.785983,10.990228],[-74.786091,10.99025],[-74.786153,10.990264],[-74.78634,10.990307]]}},{"type":"Feature","properties":{"name":"Carrera 50","type":"ciclobanda","source":"osm","osm_highway":"tertiary","osm_mode":"cycleway:right=lane","length_m":30},"geometry":{"type":"LineString","coordinates":[[-74.78138,10.988958],[-74.781303,10.988938],[-74.780625,10.988763],[-74.780508,10.988733]]}},{"type":"Feature","properties":{"name":"Carrera 50","type":"ciclobanda","source":"osm","osm_highway":"tertiary","osm_mode":"cycleway:right=lane","length_m":20},"geometry":{"type":"LineString","coordinates":[[-74.780508,10.988733],[-74.780438,10.988716],[-74.779987,10.988606],[-74.779896,10.988584]]}},{"type":"Feature","properties":{"name":"Carrera 50","type":"ciclobanda","source":"osm","osm_highway":"tertiary","osm_mode":"cycleway:right=lane","length_m":43},"geometry":{"type":"LineString","coordinates":[[-74.779418,10.988465],[-74.779343,10.988416],[-74.779333,10.98841],[-74.779234,10.988323],[-74.779039,10.988084]]}},{"type":"Feature","properties":{"name":"Carrera 50","type":"ciclobanda","source":"osm","osm_highway":"tertiary","osm_mode":"cycleway:right=lane","length_m":49},"geometry":{"type":"LineString","coordinates":[[-74.779039,10.988084],[-74.778918,10.987948],[-74.77887,10.987892],[-74.778744,10.987762],[-74.778565,10.987654]]}},{"type":"Feature","properties":{"name":"Carrera 50","type":"ciclobanda","source":"osm","osm_highway":"tertiary","osm_mode":"cycleway:right=lane","length_m":18},"geometry":{"type":"LineString","coordinates":[[-74.778565,10.987654],[-74.778509,10.98764],[-74.777988,10.987522]]}},{"type":"Feature","properties":{"name":"Carrera 50","type":"ciclobanda","source":"osm","osm_highway":"tertiary","osm_mode":"cycleway:left=lane","length_m":37},"geometry":{"type":"LineString","coordinates":[[-74.796301,10.993377],[-74.796479,10.993463],[-74.79673,10.993585],[-74.796949,10.99369]]}},{"type":"Feature","properties":{"name":"Carrera 50","type":"ciclobanda","source":"osm","osm_highway":"tertiary","osm_mode":"cycleway:left=lane","length_m":45},"geometry":{"type":"LineString","coordinates":[[-74.796949,10.99369],[-74.797686,10.994077]]}},{"type":"Feature","properties":{"name":"Calle 47","type":"carril_ciclo_preferente","source":"osm","osm_highway":"residential","osm_mode":"cycleway:left=shared_lane","length_m":107},"geometry":{"type":"LineString","coordinates":[[-74.786608,10.985827],[-74.786534,10.986077],[-74.786465,10.98632],[-74.786357,10.986729],[-74.786342,10.986784]]}},{"type":"Feature","properties":{"name":"Calle 47","type":"carril_ciclo_preferente","source":"osm","osm_highway":"residential","osm_mode":"cycleway:left=shared_lane","length_m":122},"geometry":{"type":"LineString","coordinates":[[-74.788041,10.980535],[-74.787893,10.981089],[-74.787867,10.981187],[-74.787758,10.981536],[-74.787734,10.981632]]}},{"type":"Feature","properties":{"name":"Calle 47C","type":"ciclobanda","source":"osm","osm_highway":"residential","osm_mode":"cycleway=opposite_lane","length_m":103},"geometry":{"type":"LineString","coordinates":[[-74.796249,10.964286],[-74.796215,10.964317],[-74.795262,10.965198]]}},{"type":"Feature","properties":{"name":"Calle 47C","type":"ciclobanda","source":"osm","osm_highway":"residential","osm_mode":"cycleway=opposite_lane","length_m":76},"geometry":{"type":"LineString","coordinates":[[-74.795262,10.965198],[-74.794899,10.965534],[-74.794538,10.965868]]}},{"type":"Feature","properties":{"name":"Carrera 22","type":"carril_ciclo_preferente","source":"osm","osm_highway":"residential","osm_mode":"cycleway=shared_lane","length_m":158},"geometry":{"type":"LineString","coordinates":[[-74.794538,10.965868],[-74.793925,10.96551],[-74.793423,10.9652],[-74.793394,10.965182],[-74.793197,10.965037],[-74.793001,10.964858],[-74.792757,10.964641],[-74.792579,10.96449]]}},{"type":"Feature","properties":{"name":"Calle 47","type":"carril_ciclo_preferente","source":"osm","osm_highway":"residential","osm_mode":"cycleway:left=shared_lane","length_m":46},"geometry":{"type":"LineString","coordinates":[[-74.788169,10.980125],[-74.788161,10.980152],[-74.788041,10.980535]]}},{"type":"Feature","properties":{"name":"Calle 47B","type":"ciclobanda","source":"osm","osm_highway":"residential","osm_mode":"cycleway=opposite_lane","length_m":82},"geometry":{"type":"LineString","coordinates":[[-74.800363,10.961358],[-74.799255,10.962069]]}},{"type":"Feature","properties":{"name":"Calle 47B","type":"ciclobanda","source":"osm","osm_highway":"residential","osm_mode":"cycleway=opposite_lane","length_m":124},"geometry":{"type":"LineString","coordinates":[[-74.802001,10.960284],[-74.800363,10.961358]]}},{"type":"Feature","properties":{"name":"Calle 47B","type":"ciclobanda","source":"osm","osm_highway":"residential","osm_mode":"cycleway=opposite_lane","length_m":80},"geometry":{"type":"LineString","coordinates":[[-74.799255,10.962069],[-74.798926,10.962289],[-74.79882,10.962355],[-74.798407,10.962562],[-74.798117,10.962664],[-74.797821,10.962741]]}},{"type":"Feature","properties":{"name":"Carrera 50","type":"ciclobanda","source":"osm","osm_highway":"tertiary","osm_mode":"cycleway:right=lane","length_m":9},"geometry":{"type":"LineString","coordinates":[[-74.787569,10.990413],[-74.787441,10.990393],[-74.787211,10.990358]]}},{"type":"Feature","properties":{"name":"Carrera 50","type":"ciclobanda","source":"osm","osm_highway":"tertiary","osm_mode":"cycleway:right=lane","length_m":11},"geometry":{"type":"LineString","coordinates":[[-74.786024,10.990069],[-74.785888,10.990047],[-74.78587,10.990044],[-74.78581,10.990035],[-74.785733,10.990036],[-74.785686,10.99004],[-74.785636,10.990037],[-74.785537,10.990025]]}},{"type":"Feature","properties":{"name":"Carrera 47","type":"ciclobanda","source":"osm","osm_highway":"tertiary","osm_mode":"cycleway:right=lane","length_m":7},"geometry":{"type":"LineString","coordinates":[[-74.79167,10.990635],[-74.791548,10.990647],[-74.791495,10.990651],[-74.791454,10.990655],[-74.791361,10.990646]]}},{"type":"Feature","properties":{"name":"Carrera 50","type":"ciclobanda","source":"osm","osm_highway":"tertiary","osm_mode":"cycleway:right=lane","length_m":27},"geometry":{"type":"LineString","coordinates":[[-74.785537,10.990025],[-74.785398,10.989999],[-74.784623,10.989887],[-74.784496,10.989861]]}},{"type":"Feature","properties":{"name":"Carrera 50","type":"ciclobanda","source":"osm","osm_highway":"tertiary","osm_mode":"cycleway:right=lane","length_m":37},"geometry":{"type":"LineString","coordinates":[[-74.787211,10.990358],[-74.786568,10.990252],[-74.786513,10.990219],[-74.786453,10.990177],[-74.78635,10.990134],[-74.786188,10.990102],[-74.78613,10.99009]]}},{"type":"Feature","properties":{"name":"Calle 47B","type":"ciclobanda","source":"osm","osm_highway":"residential","osm_mode":"cycleway=opposite_lane","length_m":15},"geometry":{"type":"LineString","coordinates":[[-74.797821,10.962741],[-74.797539,10.962792],[-74.797245,10.962832]]}},{"type":"Feature","properties":{"name":"Carrera 20","type":"carril_ciclo_preferente","source":"osm","osm_highway":"tertiary","osm_mode":"cycleway:right=shared_lane","length_m":53},"geometry":{"type":"LineString","coordinates":[[-74.797302,10.96331],[-74.797277,10.962876],[-74.797245,10.962832]]}},{"type":"Feature","properties":{"name":"Calle 40","type":"ciclobanda","source":"osm","osm_highway":"tertiary","osm_mode":"cycleway:left=lane","length_m":64},"geometry":{"type":"LineString","coordinates":[[-74.794063,10.952466],[-74.793847,10.953039]]}},{"type":"Feature","properties":{"name":"Calle 40","type":"ciclobanda","source":"osm","osm_highway":"tertiary","osm_mode":"cycleway:left=lane","length_m":195},"geometry":{"type":"LineString","coordinates":[[-74.79326,10.954823],[-74.793314,10.954695],[-74.793944,10.953073]]}},{"type":"Feature","properties":{"name":"Carrera 47","type":"ciclobanda","source":"osm","osm_highway":"tertiary","osm_mode":"cycleway:left=lane","length_m":91},"geometry":{"type":"LineString","coordinates":[[-74.803028,10.993901],[-74.802858,10.993832],[-74.802711,10.993786],[-74.80172,10.993428],[-74.801043,10.993202],[-74.800939,10.993168]]}},{"type":"Feature","properties":{"name":"Carrera 50","type":"ciclobanda","source":"osm","osm_highway":"tertiary","osm_mode":"cycleway:left=lane","length_m":142},"geometry":{"type":"LineString","coordinates":[[-74.801919,10.996059],[-74.801982,10.996089],[-74.802484,10.996333],[-74.803027,10.996741],[-74.80373,10.99727],[-74.803761,10.997294]]}},{"type":"Feature","properties":{"name":"Carrera 50","type":"ciclobanda","source":"osm","osm_highway":"tertiary","osm_mode":"cycleway:left=lane","length_m":4},"geometry":{"type":"LineString","coordinates":[[-74.801848,10.996029],[-74.801919,10.996059]]}},{"type":"Feature","properties":{"name":"Carrera 17","type":"carril_ciclo_preferente","source":"osm","osm_highway":"residential","osm_mode":"cycleway=shared_lane","length_m":10},"geometry":{"type":"LineString","coordinates":[[-74.79326,10.954823],[-74.793203,10.954812],[-74.792881,10.954762]]}},{"type":"Feature","properties":{"name":"","type":"ciclorruta_calzada","source":"osm","osm_highway":"cycleway","osm_mode":"","length_m":150},"geometry":{"type":"LineString","coordinates":[[-74.787948,10.988007],[-74.78785,10.988004],[-74.78695,10.987765],[-74.786934,10.987761],[-74.786897,10.987751],[-74.786325,10.987596],[-74.786162,10.987547],[-74.786136,10.987546],[-74.786004,10.9875],[-74.786223,10.986811],[-74.786325,10.986842]]}},{"type":"Feature","properties":{"name":"Calle 47C","type":"carril_ciclo_preferente","source":"osm","osm_highway":"residential","osm_mode":"cycleway:right=shared_lane","length_m":6},"geometry":{"type":"LineString","coordinates":[[-74.797302,10.96331],[-74.797245,10.963361]]}},{"type":"Feature","properties":{"name":"","type":"ciclorruta_calzada","source":"osm","osm_highway":"cycleway","osm_mode":"","length_m":267},"geometry":{"type":"LineString","coordinates":[[-74.824392,11.019238],[-74.824353,11.019245],[-74.824169,11.019289],[-74.824085,11.019311],[-74.824021,11.019345],[-74.823242,11.020159],[-74.823222,11.020202],[-74.823245,11.020268],[-74.823322,11.020337],[-74.823416,11.020381],[-74.82353,11.020406],[-74.823642,11.020395],[-74.823759,11.020334],[-74.823856,11.020277],[-74.824301,11.019741],[-74.824321,11.019699],[-74.824326,11.019557],[-74.824329,11.01946],[-74.824345,11.019348],[-74.824378,11.019272],[-74.824392,11.019238]]}},{"type":"Feature","properties":{"name":"Calle 47","type":"carril_ciclo_preferente","source":"osm","osm_highway":"residential","osm_mode":"cycleway:left=shared_lane","length_m":115},"geometry":{"type":"LineString","coordinates":[[-74.789803,10.9744],[-74.7895,10.975354],[-74.789476,10.975433]]}},{"type":"Feature","properties":{"name":"Calle 47","type":"carril_ciclo_preferente","source":"osm","osm_highway":"residential","osm_mode":"cycleway:left=shared_lane","length_m":95},"geometry":{"type":"LineString","coordinates":[[-74.789476,10.975433],[-74.789396,10.975715],[-74.789197,10.976283]]}},{"type":"Feature","properties":{"name":"Carrera 50","type":"ciclobanda","source":"osm","osm_highway":"tertiary","osm_mode":"cycleway:right=lane","length_m":16},"geometry":{"type":"LineString","coordinates":[[-74.779896,10.988584],[-74.77983,10.988567],[-74.779418,10.988465]]}},{"type":"Feature","properties":{"name":"","type":"ciclorruta_calzada","source":"osm","osm_highway":"cycleway","osm_mode":"","length_m":15},"geometry":{"type":"LineString","coordinates":[[-74.824489,11.022824],[-74.824409,11.022885],[-74.824327,11.022957]]}},{"type":"Feature","properties":{"name":"","type":"ciclorruta_calzada","source":"osm","osm_highway":"cycleway","osm_mode":"","length_m":15},"geometry":{"type":"LineString","coordinates":[[-74.821462,11.020639],[-74.821418,11.020694],[-74.821366,11.020768]]}},{"type":"Feature","properties":{"name":"","type":"ciclorruta_calzada","source":"osm","osm_highway":"cycleway","osm_mode":"","length_m":107},"geometry":{"type":"LineString","coordinates":[[-74.772424,10.998603],[-74.772158,10.998324],[-74.772095,10.998167],[-74.771861,10.997869],[-74.771855,10.997853],[-74.771859,10.997834],[-74.771933,10.997698],[-74.771949,10.997651]]}},{"type":"Feature","properties":{"name":"","type":"ciclorruta_calzada","source":"osm","osm_highway":"cycleway","osm_mode":"","length_m":85},"geometry":{"type":"LineString","coordinates":[[-74.810319,10.908693],[-74.810437,10.908691],[-74.810453,10.908678],[-74.810447,10.908657],[-74.810286,10.908581],[-74.810271,10.908572],[-74.810225,10.908401],[-74.810115,10.908329],[-74.810015,10.908554],[-74.810024,10.90857],[-74.810159,10.908626],[-74.810319,10.908693]]}},{"type":"Feature","properties":{"name":"","type":"ciclorruta_calzada","source":"osm","osm_highway":"cycleway","osm_mode":"","length_m":78},"geometry":{"type":"LineString","coordinates":[[-74.773209,10.99914],[-74.773437,10.999842]]}},{"type":"Feature","properties":{"name":"","type":"ciclorruta_calzada","source":"osm","osm_highway":"cycleway","osm_mode":"cycleway:surface=asphalt","length_m":65},"geometry":{"type":"LineString","coordinates":[[-74.772424,10.998603],[-74.772465,10.998666],[-74.77251,10.998698],[-74.772577,10.998731],[-74.772638,10.998743],[-74.772726,10.998742],[-74.7728,10.998747],[-74.772851,10.99875],[-74.772934,10.99877],[-74.773009,10.998815],[-74.773075,10.998875],[-74.773109,10.998922],[-74.773145,10.998975],[-74.773209,10.99914]]}},{"type":"Feature","properties":{"name":"","type":"ciclorruta_calzada","source":"osm","osm_highway":"cycleway","osm_mode":"cycleway:surface=asphalt","length_m":520},"geometry":{"type":"LineString","coordinates":[[-74.785922,11.012783],[-74.785814,11.012703],[-74.785789,11.012652],[-74.785794,11.012606],[-74.785809,11.012565],[-74.78583,11.012535],[-74.786192,11.012015],[-74.786347,11.01185],[-74.787803,11.010603],[-74.788543,11.009976],[-74.78924,11.00935],[-74.789495,11.00909],[-74.789754,11.008814],[-74.790326,11.008189]]}},{"type":"Feature","properties":{"name":"","type":"ciclorruta_calzada","source":"osm","osm_highway":"cycleway","osm_mode":"","length_m":369},"geometry":{"type":"LineString","coordinates":[[-74.783606,10.943561],[-74.783643,10.94368],[-74.783602,10.943867],[-74.783737,10.944302],[-74.78402,10.945211],[-74.784127,10.945526],[-74.784222,10.945608],[-74.784289,10.945813],[-74.784453,10.946379],[-74.784529,10.94665],[-74.78457,10.946874]]}},{"type":"Feature","properties":{"name":"Carrera 47","type":"ciclobanda","source":"osm","osm_highway":"residential","osm_mode":"cycleway:left=lane","length_m":8},"geometry":{"type":"LineString","coordinates":[[-74.823136,11.003151],[-74.822727,11.003165]]}},{"type":"Feature","properties":{"name":"Calle 50","type":"carril_ciclo_preferente","source":"osm","osm_highway":"tertiary","osm_mode":"cycleway:right=shared_lane","length_m":219},"geometry":{"type":"LineString","coordinates":[[-74.788802,10.985344],[-74.788636,10.985893],[-74.788253,10.987208],[-74.788224,10.98731]]}},{"type":"Feature","properties":{"name":"","type":"ciclorruta_calzada","source":"osm","osm_highway":"cycleway","osm_mode":"","length_m":2},"geometry":{"type":"LineString","coordinates":[[-74.788021,10.988012],[-74.788001,10.988011],[-74.787948,10.988007]]}},{"type":"Feature","properties":{"name":"","type":"ciclorruta_calzada","source":"osm","osm_highway":"cycleway","osm_mode":"","length_m":1},"geometry":{"type":"LineString","coordinates":[[-74.786325,10.986842],[-74.786348,10.98685]]}},{"type":"Feature","properties":{"name":"Carrera 8H","type":"ciclobanda","source":"osm","osm_highway":"tertiary","osm_mode":"cycleway:left=lane","length_m":66},"geometry":{"type":"LineString","coordinates":[[-74.79505,10.950708],[-74.795194,10.950632],[-74.795551,10.950444],[-74.796137,10.950147]]}},{"type":"Feature","properties":{"name":"Carrera 8H","type":"ciclobanda","source":"osm","osm_highway":"tertiary","osm_mode":"cycleway:left=lane","length_m":29},"geometry":{"type":"LineString","coordinates":[[-74.795508,10.950362],[-74.795347,10.95044],[-74.795148,10.950537],[-74.795008,10.950605]]}},{"type":"Feature","properties":{"name":"Carrera 50","type":"ciclobanda","source":"osm","osm_highway":"tertiary","osm_mode":"cycleway:right=lane","length_m":3},"geometry":{"type":"LineString","coordinates":[[-74.78613,10.99009],[-74.786024,10.990069]]}},{"type":"Feature","properties":{"name":"","type":"ciclorruta_calzada","source":"osm","osm_highway":"cycleway","osm_mode":"","length_m":877},"geometry":{"type":"LineString","coordinates":[[-74.779916,10.936803],[-74.778275,10.94064],[-74.778283,10.940675],[-74.778299,10.940705],[-74.778321,10.940728],[-74.778348,10.940746],[-74.77839,10.940758],[-74.778439,10.940754],[-74.778462,10.940746],[-74.778488,10.94073],[-74.778505,10.940714],[-74.780154,10.936864]]}},{"type":"Feature","properties":{"name":"Ciclovía Troncal del Caribe","type":"ciclorruta_calzada","source":"osm","osm_highway":"cycleway","osm_mode":"","length_m":23},"geometry":{"type":"LineString","coordinates":[[-74.746596,10.954364],[-74.746511,10.954522],[-74.746602,10.954571]]}},{"type":"Feature","properties":{"name":"Ciclovía Troncal del Caribe","type":"ciclorruta_calzada","source":"osm","osm_highway":"cycleway","osm_mode":"","length_m":709},"geometry":{"type":"LineString","coordinates":[[-74.763083,10.950276],[-74.762438,10.950122],[-74.762139,10.950083],[-74.761578,10.950078],[-74.75632,10.950151],[-74.753018,10.950209],[-74.751773,10.950235],[-74.751379,10.950274],[-74.751044,10.950332],[-74.750668,10.950414],[-74.75022,10.950554],[-74.749847,10.950693],[-74.749311,10.950975],[-74.749013,10.951138],[-74.748723,10.951346],[-74.748436,10.951557],[-74.748074,10.951985],[-74.747605,10.952531],[-74.747246,10.953047],[-74.746596,10.954364]]}},{"type":"Feature","properties":{"name":"Ciclovía Troncal del Caribe","type":"ciclorruta_calzada","source":"osm","osm_highway":"cycleway","osm_mode":"","length_m":153},"geometry":{"type":"LineString","coordinates":[[-74.767522,10.950434],[-74.767433,10.950462],[-74.766848,10.950655],[-74.765364,10.950902],[-74.765254,10.95091],[-74.765164,10.950909],[-74.765085,10.950901],[-74.764991,10.950885],[-74.764744,10.950805],[-74.764484,10.950722],[-74.763083,10.950276]]}},{"type":"Feature","properties":{"name":"Ciclovía Troncal del Caribe","type":"ciclorruta_calzada","source":"osm","osm_highway":"cycleway","osm_mode":"","length_m":24},"geometry":{"type":"LineString","coordinates":[[-74.74673,10.954624],[-74.746808,10.954662],[-74.746884,10.954487]]}},{"type":"Feature","properties":{"name":"Ciclovía Troncal del Caribe","type":"ciclorruta_calzada","source":"osm","osm_highway":"cycleway","osm_mode":"","length_m":650},"geometry":{"type":"LineString","coordinates":[[-74.746884,10.954487],[-74.747168,10.953919],[-74.747635,10.953064],[-74.748066,10.952464],[-74.748699,10.951812],[-74.749472,10.951275],[-74.750191,10.950938],[-74.751193,10.950643],[-74.752134,10.950577],[-74.755403,10.950515],[-74.759773,10.950447],[-74.761221,10.950417],[-74.761936,10.950414]]}},{"type":"Feature","properties":{"name":"","type":"ciclorruta_calzada","source":"osm","osm_highway":"cycleway","osm_mode":"cycleway:surface=asphalt","length_m":22},"geometry":{"type":"LineString","coordinates":[[-74.785787,11.012978],[-74.785832,11.012911],[-74.785892,11.01283],[-74.785922,11.012783]]}},{"type":"Feature","properties":{"name":"","type":"ciclorruta_calzada","source":"osm","osm_highway":"cycleway","osm_mode":"","length_m":126},"geometry":{"type":"LineString","coordinates":[[-74.798294,11.024845],[-74.798269,11.024802],[-74.798224,11.024755],[-74.797824,11.024297],[-74.797694,11.024148],[-74.797546,11.02402],[-74.797159,11.023729]]}},{"type":"Feature","properties":{"name":"","type":"ciclorruta_calzada","source":"osm","osm_highway":"cycleway","osm_mode":"cycleway=crossing; cycleway:surface=asphalt","length_m":16},"geometry":{"type":"LineString","coordinates":[[-74.795383,11.022244],[-74.795355,11.022274],[-74.79532,11.022328],[-74.795277,11.022391]]}},{"type":"Feature","properties":{"name":"","type":"ciclorruta_calzada","source":"osm","osm_highway":"cycleway","osm_mode":"cycleway:surface=asphalt","length_m":201},"geometry":{"type":"LineString","coordinates":[[-74.797159,11.023729],[-74.796121,11.022954],[-74.795655,11.02263],[-74.795382,11.022463],[-74.795277,11.022391],[-74.795062,11.022231],[-74.794813,11.021974]]}},{"type":"Feature","properties":{"name":"","type":"ciclorruta_calzada","source":"osm","osm_highway":"cycleway","osm_mode":"cycleway:surface=asphalt","length_m":33},"geometry":{"type":"LineString","coordinates":[[-74.779232,11.006985],[-74.779523,11.007274]]}},{"type":"Feature","properties":{"name":"","type":"ciclorruta_calzada","source":"osm","osm_highway":"cycleway","osm_mode":"cycleway:surface=asphalt","length_m":804},"geometry":{"type":"LineString","coordinates":[[-74.773437,10.999842],[-74.773589,11.000284],[-74.773646,11.000431],[-74.773704,11.00053],[-74.773764,11.000618],[-74.773801,11.000691],[-74.773932,11.000906],[-74.774592,11.001837],[-74.77543,11.003037],[-74.775892,11.003697],[-74.776022,11.003856],[-74.776117,11.003955],[-74.777525,11.005317],[-74.778514,11.006287],[-74.779232,11.006985]]}},{"type":"Feature","properties":{"name":"","type":"ciclorruta_calzada","source":"osm","osm_highway":"cycleway","osm_mode":"","length_m":266},"geometry":{"type":"LineString","coordinates":[[-74.795383,11.022244],[-74.795338,11.022182],[-74.795328,11.022141],[-74.795325,11.022111],[-74.795329,11.022093],[-74.795338,11.022075],[-74.79535,11.022054],[-74.795411,11.02201],[-74.795655,11.021833],[-74.797524,11.020377],[-74.798121,11.019912]]}},{"type":"Feature","properties":{"name":"Carrera 22","type":"carril_ciclo_preferente","source":"osm","osm_highway":"residential","osm_mode":"cycleway=shared_lane","length_m":24},"geometry":{"type":"LineString","coordinates":[[-74.792579,10.96449],[-74.792334,10.964279]]}},{"type":"Feature","properties":{"name":"Carrera 20","type":"carril_ciclo_preferente","source":"osm","osm_highway":"tertiary","osm_mode":"cycleway:right=shared_lane","length_m":59},"geometry":{"type":"LineString","coordinates":[[-74.797245,10.962832],[-74.797214,10.962877],[-74.797245,10.963361]]}},{"type":"Feature","properties":{"name":"","type":"ciclorruta_calzada","source":"osm","osm_highway":"cycleway","osm_mode":"","length_m":535},"geometry":{"type":"LineString","coordinates":[[-74.830821,10.927219],[-74.830795,10.927241],[-74.830764,10.927253],[-74.830719,10.927252],[-74.83068,10.927232],[-74.830081,10.926815],[-74.83006,10.926794],[-74.830045,10.926754],[-74.830077,10.926411],[-74.830113,10.926062],[-74.830161,10.925653],[-74.83019,10.925349],[-74.830204,10.925148],[-74.830214,10.924984],[-74.83022,10.924929],[-74.830241,10.924897],[-74.830271,10.92488],[-74.830304,10.924875],[-74.830343,10.924881],[-74.830648,10.925002],[-74.830889,10.925107],[-74.830922,10.925131],[-74.83095,10.925157],[-74.830967,10.92519],[-74.830948,10.925447],[-74.830919,10.925859],[-74.830871,10.926638],[-74.830866,10.92673],[-74.830849,10.927033],[-74.830842,10.927172],[-74.830832,10.927202],[-74.830821,10.927219]]}},{"type":"Feature","properties":{"name":"Carrera 50","type":"ciclobanda","source":"osm","osm_highway":"tertiary","osm_mode":"cycleway:left=lane","length_m":4},"geometry":{"type":"LineString","coordinates":[[-74.785371,10.990078],[-74.785517,10.990101]]}},{"type":"Feature","properties":{"name":"","type":"ciclorruta_calzada","source":"osm","osm_highway":"cycleway","osm_mode":"","length_m":14},"geometry":{"type":"LineString","coordinates":[[-74.826405,11.016054],[-74.826349,11.016131],[-74.826325,11.01617],[-74.82632,11.016178]]}},{"type":"Feature","properties":{"name":"","type":"ciclorruta_calzada","source":"osm","osm_highway":"cycleway","osm_mode":"","length_m":38},"geometry":{"type":"LineString","coordinates":[[-74.826548,11.019485],[-74.826308,11.01939],[-74.825913,11.019254],[-74.825648,11.019206],[-74.825583,11.019226]]}},{"type":"Feature","properties":{"name":"Carrera 47","type":"ciclobanda","source":"osm","osm_highway":"construction","osm_mode":"cycleway:left=lane","length_m":6},"geometry":{"type":"LineString","coordinates":[[-74.821029,11.003088],[-74.820753,11.00306]]}},{"type":"Feature","properties":{"name":"Carrera 47","type":"ciclobanda","source":"osm","osm_highway":"residential","osm_mode":"cycleway:left=lane","length_m":16},"geometry":{"type":"LineString","coordinates":[[-74.821821,11.003135],[-74.821029,11.003088]]}},{"type":"Feature","properties":{"name":"Ciclovía Las Flores - Puerto Mocho","type":"ciclorruta_calzada","source":"osm","osm_highway":"cycleway","osm_mode":"","length_m":81},"geometry":{"type":"LineString","coordinates":[[-74.829555,11.046211],[-74.829838,11.046487],[-74.830258,11.046924]]}},{"type":"Feature","properties":{"name":"Carrera 47","type":"ciclobanda","source":"osm","osm_highway":"residential","osm_mode":"cycleway:left=lane","length_m":66},"geometry":{"type":"LineString","coordinates":[[-74.808482,10.996869],[-74.807182,10.996365],[-74.807086,10.996328]]}},{"type":"Feature","properties":{"name":"","type":"ciclorruta_calzada","source":"osm","osm_highway":"cycleway","osm_mode":"","length_m":73},"geometry":{"type":"LineString","coordinates":[[-74.788192,10.987355],[-74.788112,10.987642],[-74.788111,10.987671],[-74.78811,10.987697],[-74.788087,10.987777],[-74.788039,10.987908],[-74.788001,10.988011]]}},{"type":"Feature","properties":{"name":"Calle 40","type":"ciclobanda","source":"osm","osm_highway":"tertiary","osm_mode":"cycleway:left=lane","length_m":63},"geometry":{"type":"LineString","coordinates":[[-74.793944,10.953073],[-74.794164,10.952511]]}},{"type":"Feature","properties":{"name":"Calle 40","type":"ciclobanda","source":"osm","osm_highway":"tertiary","osm_mode":"cycleway:left=lane","length_m":198},"geometry":{"type":"LineString","coordinates":[[-74.793847,10.953039],[-74.793251,10.954662],[-74.793203,10.954812]]}},{"type":"Feature","properties":{"name":"Carrera 47","type":"ciclobanda","source":"osm","osm_highway":"residential","osm_mode":"cycleway:left=lane","length_m":63},"geometry":{"type":"LineString","coordinates":[[-74.820057,11.002929],[-74.819655,11.002781],[-74.819377,11.002679],[-74.818766,11.002405]]}}]}